interactive0,100.0,0.0
batch0,100.0,0.0
batch1,0.0,0.0
batch2,0.0,0.0
interactive0,67.0,0.0
batch0,67.0,0.0
batch1,66.0,0.0
batch2,0.0,0.0
interactive0,50.0,0.0
batch0,50.0,0.0
batch1,50.0,0.0
batch2,50.0,0.0
interactive0,50.0,0.0
batch0,50.0,0.0
batch1,50.0,0.0
batch2,50.0,0.0
interactive0,50.0,0.0
batch0,50.0,0.0
batch1,50.0,0.0
batch2,50.0,0.0
interactive0,50.0,0.0
batch0,50.0,0.0
batch1,50.0,0.0
batch2,50.0,0.0
interactive0,50.0,0.0
batch0,50.0,0.0
batch1,50.0,0.0
batch2,50.0,0.0
interactive0,50.0,0.0
batch0,50.0,0.0
batch1,50.0,0.0
batch2,50.0,0.0
interactive0,50.0,0.0
batch0,50.0,0.0
batch1,50.0,0.0
batch2,50.0,0.0
interactive0,50.0,0.0
batch0,50.0,0.0
batch1,50.0,0.0
batch2,50.0,0.0
interactive0,50.0,0.0
batch0,50.0,0.0
batch1,50.0,0.0
batch2,50.0,0.0
interactive0,50.0,0.0
batch0,50.0,0.0
batch1,50.0,0.0
batch2,50.0,0.0
interactive0,50.0,0.0
batch0,50.0,0.0
batch1,50.0,0.0
batch2,50.0,0.0
interactive0,50.0,0.0
batch0,50.0,0.0
batch1,50.0,0.0
batch2,50.0,0.0
interactive0,50.0,0.0
batch0,50.0,0.0
batch1,50.0,0.0
batch2,50.0,0.0
interactive0,50.0,0.0
batch0,50.0,0.0
batch1,50.0,0.0
batch2,50.0,0.0
interactive0,50.0,0.0
batch0,50.0,0.0
batch1,50.0,0.0
batch2,50.0,0.0
interactive0,50.0,0.0
batch0,50.0,0.0
batch1,50.0,0.0
batch2,50.0,0.0
interactive0,50.0,0.0
batch0,50.0,0.0
batch1,50.0,0.0
batch2,50.0,0.0
interactive0,50.0,0.0
batch0,50.0,0.0
batch1,50.0,0.0
batch2,50.0,0.0
interactive0,50.0,0.0
batch0,50.0,0.0
batch1,50.0,0.0
batch2,50.0,0.0
interactive0,50.0,0.0
batch0,50.0,0.0
batch1,50.0,0.0
batch2,50.0,0.0
interactive0,50.0,0.0
batch0,50.0,0.0
batch1,50.0,0.0
batch2,50.0,0.0
interactive0,50.0,0.0
batch0,50.0,0.0
batch1,50.0,0.0
batch2,50.0,0.0
interactive0,50.0,0.0
batch0,50.0,0.0
batch1,50.0,0.0
batch2,50.0,0.0
interactive0,50.0,0.0
batch0,50.0,0.0
batch1,50.0,0.0
batch2,50.0,0.0
interactive0,50.0,0.0
batch0,50.0,0.0
batch1,50.0,0.0
batch2,50.0,0.0
interactive0,50.0,0.0
batch0,50.0,0.0
batch1,50.0,0.0
batch2,50.0,0.0
interactive0,50.0,0.0
batch0,50.0,0.0
batch1,50.0,0.0
batch2,50.0,0.0
interactive0,50.0,0.0
batch0,50.0,0.0
batch1,50.0,0.0
batch2,50.0,0.0
interactive0,50.0,0.0
batch0,50.0,0.0
batch1,50.0,0.0
batch2,50.0,0.0
interactive0,50.0,0.0
batch0,50.0,0.0
batch1,50.0,0.0
batch2,50.0,0.0
interactive0,50.0,0.0
batch0,50.0,0.0
batch1,50.0,0.0
batch2,50.0,0.0
interactive0,50.0,0.0
batch0,50.0,0.0
batch1,50.0,0.0
batch2,50.0,0.0
interactive0,50.0,0.0
batch0,50.0,0.0
batch1,50.0,0.0
batch2,50.0,0.0
interactive0,50.0,0.0
batch0,50.0,0.0
batch1,50.0,0.0
batch2,50.0,0.0
interactive0,50.0,0.0
batch0,50.0,0.0
batch1,50.0,0.0
batch2,50.0,0.0
interactive0,50.0,0.0
batch0,50.0,0.0
batch1,50.0,0.0
batch2,50.0,0.0
interactive0,50.0,0.0
batch0,50.0,0.0
batch1,50.0,0.0
batch2,50.0,0.0
interactive0,50.0,0.0
batch0,50.0,0.0
batch1,50.0,0.0
batch2,50.0,0.0
interactive0,50.0,0.0
batch0,50.0,0.0
batch1,50.0,0.0
batch2,50.0,0.0
interactive0,50.0,0.0
batch0,50.0,0.0
batch1,50.0,0.0
batch2,50.0,0.0
interactive0,50.0,0.0
batch0,50.0,0.0
batch1,50.0,0.0
batch2,50.0,0.0
interactive0,50.0,0.0
batch0,50.0,0.0
batch1,50.0,0.0
batch2,50.0,0.0
interactive0,50.0,0.0
batch0,50.0,0.0
batch1,50.0,0.0
batch2,50.0,0.0
interactive0,50.0,0.0
batch0,50.0,0.0
batch1,50.0,0.0
batch2,50.0,0.0
interactive0,50.0,0.0
batch0,50.0,0.0
batch1,50.0,0.0
batch2,50.0,0.0
interactive0,50.0,0.0
batch0,50.0,0.0
batch1,50.0,0.0
batch2,50.0,0.0
interactive0,50.0,0.0
batch0,50.0,0.0
batch1,50.0,0.0
batch2,50.0,0.0
interactive0,50.0,0.0
batch0,50.0,0.0
batch1,50.0,0.0
batch2,50.0,0.0
interactive0,50.0,0.0
batch0,50.0,0.0
batch1,50.0,0.0
batch2,50.0,0.0
interactive0,50.0,0.0
batch0,50.0,0.0
batch1,50.0,0.0
batch2,50.0,0.0
interactive0,50.0,0.0
batch0,50.0,0.0
batch1,50.0,0.0
batch2,50.0,0.0
interactive0,50.0,0.0
batch0,50.0,0.0
batch1,50.0,0.0
batch2,50.0,0.0
interactive0,50.0,0.0
batch0,50.0,0.0
batch1,50.0,0.0
batch2,50.0,0.0
interactive0,50.0,0.0
batch0,50.0,0.0
batch1,50.0,0.0
batch2,50.0,0.0
interactive0,50.0,0.0
batch0,50.0,0.0
batch1,50.0,0.0
batch2,50.0,0.0
interactive0,50.0,0.0
batch0,50.0,0.0
batch1,50.0,0.0
batch2,50.0,0.0
interactive0,50.0,0.0
batch0,50.0,0.0
batch1,50.0,0.0
batch2,50.0,0.0
interactive0,50.0,0.0
batch0,50.0,0.0
batch1,50.0,0.0
batch2,50.0,0.0
interactive0,50.0,0.0
batch0,50.0,0.0
batch1,50.0,0.0
batch2,50.0,0.0
interactive0,50.0,0.0
batch0,50.0,0.0
batch1,50.0,0.0
batch2,50.0,0.0
interactive0,50.0,0.0
batch0,50.0,0.0
batch1,50.0,0.0
batch2,50.0,0.0
interactive0,50.0,0.0
batch0,50.0,0.0
batch1,50.0,0.0
batch2,50.0,0.0
interactive0,50.0,0.0
batch0,50.0,0.0
batch1,50.0,0.0
batch2,50.0,0.0
interactive0,50.0,0.0
batch0,50.0,0.0
batch1,50.0,0.0
batch2,50.0,0.0
interactive0,50.0,0.0
batch0,50.0,0.0
batch1,50.0,0.0
batch2,50.0,0.0
interactive0,50.0,0.0
batch0,50.0,0.0
batch1,50.0,0.0
batch2,50.0,0.0
interactive0,50.0,0.0
batch0,50.0,0.0
batch1,50.0,0.0
batch2,50.0,0.0
interactive0,50.0,0.0
batch0,50.0,0.0
batch1,50.0,0.0
batch2,50.0,0.0
interactive0,50.0,0.0
batch0,50.0,0.0
batch1,50.0,0.0
batch2,50.0,0.0
interactive0,50.0,0.0
batch0,50.0,0.0
batch1,50.0,0.0
batch2,50.0,0.0
interactive0,50.0,0.0
batch0,50.0,0.0
batch1,50.0,0.0
batch2,50.0,0.0
interactive0,50.0,0.0
batch0,50.0,0.0
batch1,50.0,0.0
batch2,50.0,0.0
interactive0,50.0,0.0
batch0,50.0,0.0
batch1,50.0,0.0
batch2,50.0,0.0
interactive0,50.0,0.0
batch0,50.0,0.0
batch1,50.0,0.0
batch2,50.0,0.0
interactive0,50.0,0.0
batch0,50.0,0.0
batch1,50.0,0.0
batch2,50.0,0.0
interactive0,50.0,0.0
batch0,50.0,0.0
batch1,50.0,0.0
batch2,50.0,0.0
interactive0,50.0,0.0
batch0,50.0,0.0
batch1,50.0,0.0
batch2,50.0,0.0
interactive0,50.0,0.0
batch0,50.0,0.0
batch1,50.0,0.0
batch2,50.0,0.0
interactive0,50.0,0.0
batch0,50.0,0.0
batch1,50.0,0.0
batch2,50.0,0.0
interactive0,50.0,0.0
batch0,50.0,0.0
batch1,50.0,0.0
batch2,50.0,0.0
interactive0,50.0,0.0
batch0,50.0,0.0
batch1,50.0,0.0
batch2,50.0,0.0
interactive0,50.0,0.0
batch0,50.0,0.0
batch1,50.0,0.0
batch2,50.0,0.0
interactive0,50.0,0.0
batch0,50.0,0.0
batch1,50.0,0.0
batch2,50.0,0.0
interactive0,50.0,0.0
batch0,50.0,0.0
batch1,50.0,0.0
batch2,50.0,0.0
interactive0,50.0,0.0
batch0,50.0,0.0
batch1,50.0,0.0
batch2,50.0,0.0
interactive0,50.0,0.0
batch0,50.0,0.0
batch1,50.0,0.0
batch2,50.0,0.0
interactive0,50.0,0.0
batch0,50.0,0.0
batch1,50.0,0.0
batch2,50.0,0.0
interactive0,50.0,0.0
batch0,50.0,0.0
batch1,50.0,0.0
batch2,50.0,0.0
interactive0,50.0,0.0
batch0,50.0,0.0
batch1,50.0,0.0
batch2,50.0,0.0
interactive0,50.0,0.0
batch0,50.0,0.0
batch1,50.0,0.0
batch2,50.0,0.0
interactive0,50.0,0.0
batch0,50.0,0.0
batch1,50.0,0.0
batch2,50.0,0.0
interactive0,50.0,0.0
batch0,50.0,0.0
batch1,50.0,0.0
batch2,50.0,0.0
interactive0,50.0,0.0
batch0,50.0,0.0
batch1,50.0,0.0
batch2,50.0,0.0
interactive0,50.0,0.0
batch0,50.0,0.0
batch1,50.0,0.0
batch2,50.0,0.0
interactive0,50.0,0.0
batch0,50.0,0.0
batch1,50.0,0.0
batch2,50.0,0.0
interactive0,50.0,0.0
batch0,50.0,0.0
batch1,50.0,0.0
batch2,50.0,0.0
interactive0,50.0,0.0
batch0,50.0,0.0
batch1,50.0,0.0
batch2,50.0,0.0
interactive0,50.0,0.0
batch0,50.0,0.0
batch1,50.0,0.0
batch2,50.0,0.0
interactive0,50.0,0.0
batch0,50.0,0.0
batch1,50.0,0.0
batch2,50.0,0.0
interactive0,50.0,0.0
batch0,50.0,0.0
batch1,50.0,0.0
batch2,50.0,0.0
interactive0,50.0,0.0
batch0,50.0,0.0
batch1,50.0,0.0
batch2,50.0,0.0
interactive0,50.0,0.0
batch0,50.0,0.0
batch1,50.0,0.0
batch2,50.0,0.0
interactive0,50.0,0.0
batch0,50.0,0.0
batch1,50.0,0.0
batch2,50.0,0.0
interactive0,50.0,0.0
batch0,50.0,0.0
batch1,50.0,0.0
batch2,50.0,0.0
interactive0,50.0,0.0
batch0,50.0,0.0
batch1,50.0,0.0
batch2,50.0,0.0
interactive0,50.0,0.0
batch0,50.0,0.0
batch1,50.0,0.0
batch2,50.0,0.0
interactive0,50.0,0.0
batch0,50.0,0.0
batch1,50.0,0.0
batch2,50.0,0.0
interactive0,50.0,0.0
batch0,50.0,0.0
batch1,50.0,0.0
batch2,50.0,0.0
interactive0,50.0,0.0
batch0,50.0,0.0
batch1,50.0,0.0
batch2,50.0,0.0
interactive0,50.0,0.0
batch0,50.0,0.0
batch1,50.0,0.0
batch2,50.0,0.0
interactive0,50.0,0.0
batch0,50.0,0.0
batch1,50.0,0.0
batch2,50.0,0.0
interactive0,50.0,0.0
batch0,50.0,0.0
batch1,50.0,0.0
batch2,50.0,0.0
interactive0,50.0,0.0
batch0,50.0,0.0
batch1,50.0,0.0
batch2,50.0,0.0
interactive0,50.0,0.0
batch0,50.0,0.0
batch1,50.0,0.0
batch2,50.0,0.0
interactive0,50.0,0.0
batch0,50.0,0.0
batch1,50.0,0.0
batch2,50.0,0.0
interactive0,50.0,0.0
batch0,50.0,0.0
batch1,50.0,0.0
batch2,50.0,0.0
interactive0,50.0,0.0
batch0,50.0,0.0
batch1,50.0,0.0
batch2,50.0,0.0
interactive0,50.0,0.0
batch0,50.0,0.0
batch1,50.0,0.0
batch2,50.0,0.0
interactive0,50.0,0.0
batch0,50.0,0.0
batch1,50.0,0.0
batch2,50.0,0.0
interactive0,50.0,0.0
batch0,50.0,0.0
batch1,50.0,0.0
batch2,50.0,0.0
interactive0,50.0,0.0
batch0,50.0,0.0
batch1,50.0,0.0
batch2,50.0,0.0
interactive0,50.0,0.0
batch0,50.0,0.0
batch1,50.0,0.0
batch2,50.0,0.0
interactive0,50.0,0.0
batch0,50.0,0.0
batch1,50.0,0.0
batch2,50.0,0.0
interactive0,50.0,0.0
batch0,50.0,0.0
batch1,50.0,0.0
batch2,50.0,0.0
interactive0,50.0,0.0
batch0,50.0,0.0
batch1,50.0,0.0
batch2,50.0,0.0
interactive0,50.0,0.0
batch0,50.0,0.0
batch1,50.0,0.0
batch2,50.0,0.0
interactive0,50.0,0.0
batch0,50.0,0.0
batch1,50.0,0.0
batch2,50.0,0.0
interactive0,50.0,0.0
batch0,50.0,0.0
batch1,50.0,0.0
batch2,50.0,0.0
interactive0,50.0,0.0
batch0,50.0,0.0
batch1,50.0,0.0
batch2,50.0,0.0
interactive0,50.0,0.0
batch0,50.0,0.0
batch1,50.0,0.0
batch2,50.0,0.0
interactive0,50.0,0.0
batch0,50.0,0.0
batch1,50.0,0.0
batch2,50.0,0.0
interactive0,50.0,0.0
batch0,50.0,0.0
batch1,50.0,0.0
batch2,50.0,0.0
interactive0,50.0,0.0
batch0,50.0,0.0
batch1,50.0,0.0
batch2,50.0,0.0
interactive0,50.0,0.0
batch0,50.0,0.0
batch1,50.0,0.0
batch2,50.0,0.0
interactive0,50.0,0.0
batch0,50.0,0.0
batch1,50.0,0.0
batch2,50.0,0.0
interactive0,50.0,0.0
batch0,50.0,0.0
batch1,50.0,0.0
batch2,50.0,0.0
interactive0,50.0,0.0
batch0,50.0,0.0
batch1,50.0,0.0
batch2,50.0,0.0
interactive0,50.0,0.0
batch0,50.0,0.0
batch1,50.0,0.0
batch2,50.0,0.0
interactive0,50.0,0.0
batch0,50.0,0.0
batch1,50.0,0.0
batch2,50.0,0.0
interactive0,50.0,0.0
batch0,50.0,0.0
batch1,50.0,0.0
batch2,50.0,0.0
interactive0,50.0,0.0
batch0,50.0,0.0
batch1,50.0,0.0
batch2,50.0,0.0
interactive0,50.0,0.0
batch0,50.0,0.0
batch1,50.0,0.0
batch2,50.0,0.0
interactive0,50.0,0.0
batch0,50.0,0.0
batch1,50.0,0.0
batch2,50.0,0.0
interactive0,50.0,0.0
batch0,50.0,0.0
batch1,50.0,0.0
batch2,50.0,0.0
interactive0,50.0,0.0
batch0,50.0,0.0
batch1,50.0,0.0
batch2,50.0,0.0
interactive0,50.0,0.0
batch0,50.0,0.0
batch1,50.0,0.0
batch2,50.0,0.0
interactive0,50.0,0.0
batch0,50.0,0.0
batch1,50.0,0.0
batch2,50.0,0.0
interactive0,50.0,0.0
batch0,50.0,0.0
batch1,50.0,0.0
batch2,50.0,0.0
interactive0,50.0,0.0
batch0,50.0,0.0
batch1,50.0,0.0
batch2,50.0,0.0
interactive0,50.0,0.0
batch0,50.0,0.0
batch1,50.0,0.0
batch2,50.0,0.0
interactive0,50.0,0.0
batch0,50.0,0.0
batch1,50.0,0.0
batch2,50.0,0.0
interactive0,50.0,0.0
batch0,50.0,0.0
batch1,50.0,0.0
batch2,50.0,0.0
interactive0,50.0,0.0
batch0,50.0,0.0
batch1,50.0,0.0
batch2,50.0,0.0
interactive0,50.0,0.0
batch0,50.0,0.0
batch1,50.0,0.0
batch2,50.0,0.0
interactive0,50.0,0.0
batch0,50.0,0.0
batch1,50.0,0.0
batch2,50.0,0.0
interactive0,50.0,0.0
batch0,50.0,0.0
batch1,50.0,0.0
batch2,50.0,0.0
interactive0,50.0,0.0
batch0,50.0,0.0
batch1,50.0,0.0
batch2,50.0,0.0
interactive0,50.0,0.0
batch0,50.0,0.0
batch1,50.0,0.0
batch2,50.0,0.0
interactive0,50.0,0.0
batch0,50.0,0.0
batch1,50.0,0.0
batch2,50.0,0.0
interactive0,50.0,0.0
batch0,50.0,0.0
batch1,50.0,0.0
batch2,50.0,0.0
interactive0,50.0,0.0
batch0,50.0,0.0
batch1,50.0,0.0
batch2,50.0,0.0
interactive0,50.0,0.0
batch0,50.0,0.0
batch1,50.0,0.0
batch2,50.0,0.0
interactive0,50.0,0.0
batch0,50.0,0.0
batch1,50.0,0.0
batch2,50.0,0.0
interactive0,50.0,0.0
batch0,50.0,0.0
batch1,50.0,0.0
batch2,50.0,0.0
interactive0,50.0,0.0
batch0,50.0,0.0
batch1,50.0,0.0
batch2,50.0,0.0
interactive0,50.0,0.0
batch0,50.0,0.0
batch1,50.0,0.0
batch2,50.0,0.0
interactive0,50.0,0.0
batch0,50.0,0.0
batch1,50.0,0.0
batch2,50.0,0.0
interactive0,50.0,0.0
batch0,50.0,0.0
batch1,50.0,0.0
batch2,50.0,0.0
interactive0,50.0,0.0
batch0,50.0,0.0
batch1,50.0,0.0
batch2,50.0,0.0
interactive0,50.0,0.0
batch0,50.0,0.0
batch1,50.0,0.0
batch2,50.0,0.0
interactive0,50.0,0.0
batch0,50.0,0.0
batch1,50.0,0.0
batch2,50.0,0.0
interactive0,50.0,0.0
batch0,50.0,0.0
batch1,50.0,0.0
batch2,50.0,0.0
interactive0,50.0,0.0
batch0,50.0,0.0
batch1,50.0,0.0
batch2,50.0,0.0
interactive0,50.0,0.0
batch0,50.0,0.0
batch1,50.0,0.0
batch2,50.0,0.0
interactive0,50.0,0.0
batch0,50.0,0.0
batch1,50.0,0.0
batch2,50.0,0.0
interactive0,50.0,0.0
batch0,50.0,0.0
batch1,50.0,0.0
batch2,50.0,0.0
interactive0,50.0,0.0
batch0,50.0,0.0
batch1,50.0,0.0
batch2,50.0,0.0
interactive0,50.0,0.0
batch0,50.0,0.0
batch1,50.0,0.0
batch2,50.0,0.0
interactive0,50.0,0.0
batch0,50.0,0.0
batch1,50.0,0.0
batch2,50.0,0.0
interactive0,50.0,0.0
batch0,50.0,0.0
batch1,50.0,0.0
batch2,50.0,0.0
interactive0,50.0,0.0
batch0,50.0,0.0
batch1,50.0,0.0
batch2,50.0,0.0
interactive0,50.0,0.0
batch0,50.0,0.0
batch1,50.0,0.0
batch2,50.0,0.0
interactive0,50.0,0.0
batch0,50.0,0.0
batch1,50.0,0.0
batch2,50.0,0.0
interactive0,50.0,0.0
batch0,50.0,0.0
batch1,50.0,0.0
batch2,50.0,0.0
interactive0,50.0,0.0
batch0,50.0,0.0
batch1,50.0,0.0
batch2,50.0,0.0
interactive0,50.0,0.0
batch0,50.0,0.0
batch1,50.0,0.0
batch2,50.0,0.0
interactive0,50.0,0.0
batch0,50.0,0.0
batch1,50.0,0.0
batch2,50.0,0.0
interactive0,50.0,0.0
batch0,50.0,0.0
batch1,50.0,0.0
batch2,50.0,0.0
interactive0,50.0,0.0
batch0,50.0,0.0
batch1,50.0,0.0
batch2,50.0,0.0
interactive0,50.0,0.0
batch0,50.0,0.0
batch1,50.0,0.0
batch2,50.0,0.0
interactive0,50.0,0.0
batch0,50.0,0.0
batch1,50.0,0.0
batch2,50.0,0.0
interactive0,50.0,0.0
batch0,50.0,0.0
batch1,50.0,0.0
batch2,50.0,0.0
interactive0,50.0,0.0
batch0,50.0,0.0
batch1,50.0,0.0
batch2,50.0,0.0
interactive0,50.0,0.0
batch0,50.0,0.0
batch1,50.0,0.0
batch2,50.0,0.0
interactive0,50.0,0.0
batch0,50.0,0.0
batch1,50.0,0.0
batch2,50.0,0.0
interactive0,50.0,0.0
batch0,50.0,0.0
batch1,50.0,0.0
batch2,50.0,0.0
interactive0,50.0,0.0
batch0,50.0,0.0
batch1,50.0,0.0
batch2,50.0,0.0
interactive0,50.0,0.0
batch0,50.0,0.0
batch1,50.0,0.0
batch2,50.0,0.0
interactive0,50.0,0.0
batch0,50.0,0.0
batch1,50.0,0.0
batch2,50.0,0.0
interactive0,50.0,0.0
batch0,50.0,0.0
batch1,50.0,0.0
batch2,50.0,0.0
interactive0,50.0,0.0
batch0,50.0,0.0
batch1,50.0,0.0
batch2,50.0,0.0
interactive0,50.0,0.0
batch0,50.0,0.0
batch1,50.0,0.0
batch2,50.0,0.0
interactive0,50.0,0.0
batch0,50.0,0.0
batch1,50.0,0.0
batch2,50.0,0.0
interactive0,50.0,0.0
batch0,50.0,0.0
batch1,50.0,0.0
batch2,50.0,0.0
interactive0,50.0,0.0
batch0,50.0,0.0
batch1,50.0,0.0
batch2,50.0,0.0
interactive0,50.0,0.0
batch0,50.0,0.0
batch1,50.0,0.0
batch2,50.0,0.0
interactive0,50.0,0.0
batch0,50.0,0.0
batch1,50.0,0.0
batch2,50.0,0.0
interactive0,50.0,0.0
batch0,50.0,0.0
batch1,50.0,0.0
batch2,50.0,0.0
interactive0,50.0,0.0
batch0,50.0,0.0
batch1,50.0,0.0
batch2,50.0,0.0
interactive0,50.0,0.0
batch0,50.0,0.0
batch1,50.0,0.0
batch2,50.0,0.0
interactive0,50.0,0.0
batch0,50.0,0.0
batch1,50.0,0.0
batch2,50.0,0.0
interactive0,50.0,0.0
batch0,50.0,0.0
batch1,50.0,0.0
batch2,50.0,0.0
interactive0,50.0,0.0
batch0,50.0,0.0
batch1,50.0,0.0
batch2,50.0,0.0
interactive0,50.0,0.0
batch0,50.0,0.0
batch1,50.0,0.0
batch2,50.0,0.0
interactive0,50.0,0.0
batch0,50.0,0.0
batch1,50.0,0.0
batch2,50.0,0.0
interactive0,50.0,0.0
batch0,50.0,0.0
batch1,50.0,0.0
batch2,50.0,0.0
interactive0,50.0,0.0
batch0,50.0,0.0
batch1,50.0,0.0
batch2,50.0,0.0
interactive0,50.0,0.0
batch0,50.0,0.0
batch1,50.0,0.0
batch2,50.0,0.0
interactive0,50.0,0.0
batch0,50.0,0.0
batch1,50.0,0.0
batch2,50.0,0.0
interactive0,50.0,0.0
batch0,50.0,0.0
batch1,50.0,0.0
batch2,50.0,0.0
interactive0,50.0,0.0
batch0,50.0,0.0
batch1,50.0,0.0
batch2,50.0,0.0
interactive0,50.0,0.0
batch0,50.0,0.0
batch1,50.0,0.0
batch2,50.0,0.0
interactive0,50.0,0.0
batch0,50.0,0.0
batch1,50.0,0.0
batch2,50.0,0.0
interactive0,50.0,0.0
batch0,50.0,0.0
batch1,50.0,0.0
batch2,50.0,0.0
interactive0,50.0,0.0
batch0,50.0,0.0
batch1,50.0,0.0
batch2,50.0,0.0
interactive0,50.0,0.0
batch0,50.0,0.0
batch1,50.0,0.0
batch2,50.0,0.0
interactive0,50.0,0.0
batch0,50.0,0.0
batch1,50.0,0.0
batch2,50.0,0.0
interactive0,50.0,0.0
batch0,50.0,0.0
batch1,50.0,0.0
batch2,50.0,0.0
interactive0,50.0,0.0
batch0,50.0,0.0
batch1,50.0,0.0
batch2,50.0,0.0
interactive0,50.0,0.0
batch0,50.0,0.0
batch1,50.0,0.0
batch2,50.0,0.0
interactive0,50.0,0.0
batch0,50.0,0.0
batch1,50.0,0.0
batch2,50.0,0.0
interactive0,50.0,0.0
batch0,50.0,0.0
batch1,50.0,0.0
batch2,50.0,0.0
interactive0,50.0,0.0
batch0,50.0,0.0
batch1,50.0,0.0
batch2,50.0,0.0
interactive0,50.0,0.0
batch0,50.0,0.0
batch1,50.0,0.0
batch2,50.0,0.0
interactive0,50.0,0.0
batch0,50.0,0.0
batch1,50.0,0.0
batch2,50.0,0.0
interactive0,50.0,0.0
batch0,50.0,0.0
batch1,50.0,0.0
batch2,50.0,0.0
interactive0,50.0,0.0
batch0,50.0,0.0
batch1,50.0,0.0
batch2,50.0,0.0
interactive0,50.0,0.0
batch0,50.0,0.0
batch1,50.0,0.0
batch2,50.0,0.0
interactive0,50.0,0.0
batch0,50.0,0.0
batch1,50.0,0.0
batch2,50.0,0.0
interactive0,50.0,0.0
batch0,50.0,0.0
batch1,50.0,0.0
batch2,50.0,0.0
interactive0,50.0,0.0
batch0,50.0,0.0
batch1,50.0,0.0
batch2,50.0,0.0
interactive0,50.0,0.0
batch0,50.0,0.0
batch1,50.0,0.0
batch2,50.0,0.0
interactive0,50.0,0.0
batch0,50.0,0.0
batch1,50.0,0.0
batch2,50.0,0.0
interactive0,50.0,0.0
batch0,50.0,0.0
batch1,50.0,0.0
batch2,50.0,0.0
interactive0,50.0,0.0
batch0,50.0,0.0
batch1,50.0,0.0
batch2,50.0,0.0
interactive0,50.0,0.0
batch0,50.0,0.0
batch1,50.0,0.0
batch2,50.0,0.0
interactive0,50.0,0.0
batch0,50.0,0.0
batch1,50.0,0.0
batch2,50.0,0.0
interactive0,50.0,0.0
batch0,50.0,0.0
batch1,50.0,0.0
batch2,50.0,0.0
interactive0,50.0,0.0
batch0,50.0,0.0
batch1,50.0,0.0
batch2,50.0,0.0
interactive0,50.0,0.0
batch0,50.0,0.0
batch1,50.0,0.0
batch2,50.0,0.0
interactive0,50.0,0.0
batch0,50.0,0.0
batch1,50.0,0.0
batch2,50.0,0.0
interactive0,50.0,0.0
batch0,50.0,0.0
batch1,50.0,0.0
batch2,50.0,0.0
interactive0,50.0,0.0
batch0,50.0,0.0
batch1,50.0,0.0
batch2,50.0,0.0
interactive0,50.0,0.0
batch0,50.0,0.0
batch1,50.0,0.0
batch2,50.0,0.0
interactive0,50.0,0.0
batch0,50.0,0.0
batch1,50.0,0.0
batch2,50.0,0.0
interactive0,50.0,0.0
batch0,50.0,0.0
batch1,50.0,0.0
batch2,50.0,0.0
interactive0,50.0,0.0
batch0,50.0,0.0
batch1,50.0,0.0
batch2,50.0,0.0
interactive0,50.0,0.0
batch0,50.0,0.0
batch1,50.0,0.0
batch2,50.0,0.0
interactive0,50.0,0.0
batch0,50.0,0.0
batch1,50.0,0.0
batch2,50.0,0.0
interactive0,50.0,0.0
batch0,50.0,0.0
batch1,50.0,0.0
batch2,50.0,0.0
interactive0,50.0,0.0
batch0,50.0,0.0
batch1,50.0,0.0
batch2,50.0,0.0
interactive0,50.0,0.0
batch0,50.0,0.0
batch1,50.0,0.0
batch2,50.0,0.0
interactive0,50.0,0.0
batch0,50.0,0.0
batch1,50.0,0.0
batch2,50.0,0.0
interactive0,50.0,0.0
batch0,50.0,0.0
batch1,50.0,0.0
batch2,50.0,0.0
interactive0,50.0,0.0
batch0,50.0,0.0
batch1,50.0,0.0
batch2,50.0,0.0
interactive0,50.0,0.0
batch0,50.0,0.0
batch1,50.0,0.0
batch2,50.0,0.0
interactive0,50.0,0.0
batch0,50.0,0.0
batch1,50.0,0.0
batch2,50.0,0.0
interactive0,50.0,0.0
batch0,50.0,0.0
batch1,50.0,0.0
batch2,50.0,0.0
interactive0,50.0,0.0
batch0,50.0,0.0
batch1,50.0,0.0
batch2,50.0,0.0
interactive0,50.0,0.0
batch0,50.0,0.0
batch1,50.0,0.0
batch2,50.0,0.0
interactive0,50.0,0.0
batch0,50.0,0.0
batch1,50.0,0.0
batch2,50.0,0.0
interactive0,50.0,0.0
batch0,50.0,0.0
batch1,50.0,0.0
batch2,50.0,0.0
interactive0,50.0,0.0
batch0,50.0,0.0
batch1,50.0,0.0
batch2,50.0,0.0
interactive0,50.0,0.0
batch0,50.0,0.0
batch1,50.0,0.0
batch2,50.0,0.0
interactive0,50.0,0.0
batch0,50.0,0.0
batch1,50.0,0.0
batch2,50.0,0.0
interactive0,50.0,0.0
batch0,50.0,0.0
batch1,50.0,0.0
batch2,50.0,0.0
interactive0,50.0,0.0
batch0,50.0,0.0
batch1,50.0,0.0
batch2,50.0,0.0
interactive0,50.0,0.0
batch0,50.0,0.0
batch1,50.0,0.0
batch2,50.0,0.0
interactive0,50.0,0.0
batch0,50.0,0.0
batch1,50.0,0.0
batch2,50.0,0.0
interactive0,50.0,0.0
batch0,50.0,0.0
batch1,50.0,0.0
batch2,50.0,0.0
interactive0,50.0,0.0
batch0,50.0,0.0
batch1,50.0,0.0
batch2,50.0,0.0
interactive0,50.0,0.0
batch0,50.0,0.0
batch1,50.0,0.0
batch2,50.0,0.0
interactive0,50.0,0.0
batch0,50.0,0.0
batch1,50.0,0.0
batch2,50.0,0.0
interactive0,50.0,0.0
batch0,50.0,0.0
batch1,50.0,0.0
batch2,50.0,0.0
interactive0,50.0,0.0
batch0,50.0,0.0
batch1,50.0,0.0
batch2,50.0,0.0
interactive0,50.0,0.0
batch0,50.0,0.0
batch1,50.0,0.0
batch2,50.0,0.0
interactive0,50.0,0.0
batch0,50.0,0.0
batch1,50.0,0.0
batch2,50.0,0.0
interactive0,50.0,0.0
batch0,50.0,0.0
batch1,50.0,0.0
batch2,50.0,0.0
interactive0,50.0,0.0
batch0,50.0,0.0
batch1,50.0,0.0
batch2,50.0,0.0
interactive0,50.0,0.0
batch0,50.0,0.0
batch1,50.0,0.0
batch2,50.0,0.0
interactive0,50.0,0.0
batch0,50.0,0.0
batch1,50.0,0.0
batch2,50.0,0.0
interactive0,50.0,0.0
batch0,50.0,0.0
batch1,50.0,0.0
batch2,50.0,0.0
interactive0,50.0,0.0
batch0,50.0,0.0
batch1,50.0,0.0
batch2,50.0,0.0
interactive0,50.0,0.0
batch0,50.0,0.0
batch1,50.0,0.0
batch2,50.0,0.0
interactive0,50.0,0.0
batch0,50.0,0.0
batch1,50.0,0.0
batch2,50.0,0.0
interactive0,50.0,0.0
batch0,50.0,0.0
batch1,50.0,0.0
batch2,50.0,0.0
interactive0,50.0,0.0
batch0,50.0,0.0
batch1,50.0,0.0
batch2,50.0,0.0
interactive0,50.0,0.0
batch0,50.0,0.0
batch1,50.0,0.0
batch2,50.0,0.0
interactive0,50.0,0.0
batch0,50.0,0.0
batch1,50.0,0.0
batch2,50.0,0.0
interactive0,50.0,0.0
batch0,50.0,0.0
batch1,50.0,0.0
batch2,50.0,0.0
interactive0,50.0,0.0
batch0,50.0,0.0
batch1,50.0,0.0
batch2,50.0,0.0
interactive0,50.0,0.0
batch0,50.0,0.0
batch1,50.0,0.0
batch2,50.0,0.0
interactive0,50.0,0.0
batch0,50.0,0.0
batch1,50.0,0.0
batch2,50.0,0.0
interactive0,50.0,0.0
batch0,50.0,0.0
batch1,50.0,0.0
batch2,50.0,0.0
interactive0,50.0,0.0
batch0,50.0,0.0
batch1,50.0,0.0
batch2,50.0,0.0
interactive0,50.0,0.0
batch0,50.0,0.0
batch1,50.0,0.0
batch2,50.0,0.0
interactive0,50.0,0.0
batch0,50.0,0.0
batch1,50.0,0.0
batch2,50.0,0.0
interactive0,50.0,0.0
batch0,50.0,0.0
batch1,50.0,0.0
batch2,50.0,0.0
interactive0,50.0,0.0
batch0,50.0,0.0
batch1,50.0,0.0
batch2,50.0,0.0
interactive0,50.0,0.0
batch0,50.0,0.0
batch1,50.0,0.0
batch2,50.0,0.0
interactive0,50.0,0.0
batch0,50.0,0.0
batch1,50.0,0.0
batch2,50.0,0.0
interactive0,50.0,0.0
batch0,50.0,0.0
batch1,50.0,0.0
batch2,50.0,0.0
interactive0,50.0,0.0
batch0,50.0,0.0
batch1,50.0,0.0
batch2,50.0,0.0
interactive0,50.0,0.0
batch0,50.0,0.0
batch1,50.0,0.0
batch2,50.0,0.0
interactive0,50.0,0.0
batch0,50.0,0.0
batch1,50.0,0.0
batch2,50.0,0.0
interactive0,50.0,0.0
batch0,50.0,0.0
batch1,50.0,0.0
batch2,50.0,0.0
interactive0,50.0,0.0
batch0,50.0,0.0
batch1,50.0,0.0
batch2,50.0,0.0
interactive0,50.0,0.0
batch0,50.0,0.0
batch1,50.0,0.0
batch2,50.0,0.0
interactive0,50.0,0.0
batch0,50.0,0.0
batch1,50.0,0.0
batch2,50.0,0.0
interactive0,50.0,0.0
batch0,50.0,0.0
batch1,50.0,0.0
batch2,50.0,0.0
interactive0,50.0,0.0
batch0,50.0,0.0
batch1,50.0,0.0
batch2,50.0,0.0
interactive0,50.0,0.0
batch0,50.0,0.0
batch1,50.0,0.0
batch2,50.0,0.0
interactive0,50.0,0.0
batch0,50.0,0.0
batch1,50.0,0.0
batch2,50.0,0.0
interactive0,50.0,0.0
batch0,50.0,0.0
batch1,50.0,0.0
batch2,50.0,0.0
interactive0,50.0,0.0
batch0,50.0,0.0
batch1,50.0,0.0
batch2,50.0,0.0
interactive0,50.0,0.0
batch0,50.0,0.0
batch1,50.0,0.0
batch2,50.0,0.0
interactive0,50.0,0.0
batch0,50.0,0.0
batch1,50.0,0.0
batch2,50.0,0.0
interactive0,50.0,0.0
batch0,50.0,0.0
batch1,50.0,0.0
batch2,50.0,0.0
interactive0,50.0,0.0
batch0,50.0,0.0
batch1,50.0,0.0
batch2,50.0,0.0
interactive0,50.0,0.0
batch0,50.0,0.0
batch1,50.0,0.0
batch2,50.0,0.0
interactive0,50.0,0.0
batch0,50.0,0.0
batch1,50.0,0.0
batch2,50.0,0.0
interactive0,50.0,0.0
batch0,50.0,0.0
batch1,50.0,0.0
batch2,50.0,0.0
interactive0,50.0,0.0
batch0,50.0,0.0
batch1,50.0,0.0
batch2,50.0,0.0
interactive0,50.0,0.0
batch0,50.0,0.0
batch1,50.0,0.0
batch2,50.0,0.0
interactive0,50.0,0.0
batch0,50.0,0.0
batch1,50.0,0.0
batch2,50.0,0.0
interactive0,50.0,0.0
batch0,50.0,0.0
batch1,50.0,0.0
batch2,50.0,0.0
interactive0,50.0,0.0
batch0,50.0,0.0
batch1,50.0,0.0
batch2,50.0,0.0
interactive0,50.0,0.0
batch0,50.0,0.0
batch1,50.0,0.0
batch2,50.0,0.0
interactive0,50.0,0.0
batch0,50.0,0.0
batch1,50.0,0.0
batch2,50.0,0.0
interactive0,50.0,0.0
batch0,50.0,0.0
batch1,50.0,0.0
batch2,50.0,0.0
interactive0,50.0,0.0
batch0,50.0,0.0
batch1,50.0,0.0
batch2,50.0,0.0
interactive0,50.0,0.0
batch0,50.0,0.0
batch1,50.0,0.0
batch2,50.0,0.0
interactive0,50.0,0.0
batch0,50.0,0.0
batch1,50.0,0.0
batch2,50.0,0.0
interactive0,50.0,0.0
batch0,50.0,0.0
batch1,50.0,0.0
batch2,50.0,0.0
interactive0,50.0,0.0
batch0,50.0,0.0
batch1,50.0,0.0
batch2,50.0,0.0
interactive0,50.0,0.0
batch0,50.0,0.0
batch1,50.0,0.0
batch2,50.0,0.0
interactive0,50.0,0.0
batch0,50.0,0.0
batch1,50.0,0.0
batch2,50.0,0.0
interactive0,50.0,0.0
batch0,50.0,0.0
batch1,50.0,0.0
batch2,50.0,0.0
interactive0,50.0,0.0
batch0,50.0,0.0
batch1,50.0,0.0
batch2,50.0,0.0
interactive0,50.0,0.0
batch0,50.0,0.0
batch1,50.0,0.0
batch2,50.0,0.0
interactive0,50.0,0.0
batch0,50.0,0.0
batch1,50.0,0.0
batch2,50.0,0.0
interactive0,50.0,0.0
batch0,50.0,0.0
batch1,50.0,0.0
batch2,50.0,0.0
interactive0,50.0,0.0
batch0,50.0,0.0
batch1,50.0,0.0
batch2,50.0,0.0
interactive0,50.0,0.0
batch0,50.0,0.0
batch1,50.0,0.0
batch2,50.0,0.0
interactive0,50.0,0.0
batch0,50.0,0.0
batch1,50.0,0.0
batch2,50.0,0.0
interactive0,50.0,0.0
batch0,50.0,0.0
batch1,50.0,0.0
batch2,50.0,0.0
interactive0,50.0,0.0
batch0,50.0,0.0
batch1,50.0,0.0
batch2,50.0,0.0
interactive0,50.0,0.0
batch0,50.0,0.0
batch1,50.0,0.0
batch2,50.0,0.0
interactive0,50.0,0.0
batch0,50.0,0.0
batch1,50.0,0.0
batch2,50.0,0.0
interactive0,50.0,0.0
batch0,50.0,0.0
batch1,50.0,0.0
batch2,50.0,0.0
interactive0,50.0,0.0
batch0,50.0,0.0
batch1,50.0,0.0
batch2,50.0,0.0
interactive0,50.0,0.0
batch0,50.0,0.0
batch1,50.0,0.0
batch2,50.0,0.0
interactive0,50.0,0.0
batch0,50.0,0.0
batch1,50.0,0.0
batch2,50.0,0.0
interactive0,50.0,0.0
batch0,50.0,0.0
batch1,50.0,0.0
batch2,50.0,0.0
interactive0,50.0,0.0
batch0,50.0,0.0
batch1,50.0,0.0
batch2,50.0,0.0
interactive0,50.0,0.0
batch0,50.0,0.0
batch1,50.0,0.0
batch2,50.0,0.0
interactive0,50.0,0.0
batch0,50.0,0.0
batch1,50.0,0.0
batch2,50.0,0.0
interactive0,50.0,0.0
batch0,50.0,0.0
batch1,50.0,0.0
batch2,50.0,0.0
interactive0,50.0,0.0
batch0,50.0,0.0
batch1,50.0,0.0
batch2,50.0,0.0
interactive0,50.0,0.0
batch0,50.0,0.0
batch1,50.0,0.0
batch2,50.0,0.0
interactive0,50.0,0.0
batch0,50.0,0.0
batch1,50.0,0.0
batch2,50.0,0.0
interactive0,50.0,0.0
batch0,50.0,0.0
batch1,50.0,0.0
batch2,50.0,0.0
interactive0,50.0,0.0
batch0,50.0,0.0
batch1,50.0,0.0
batch2,50.0,0.0
interactive0,50.0,0.0
batch0,50.0,0.0
batch1,50.0,0.0
batch2,50.0,0.0
interactive0,50.0,0.0
batch0,50.0,0.0
batch1,50.0,0.0
batch2,50.0,0.0
interactive0,50.0,0.0
batch0,50.0,0.0
batch1,50.0,0.0
batch2,50.0,0.0
interactive0,50.0,0.0
batch0,50.0,0.0
batch1,50.0,0.0
batch2,50.0,0.0
interactive0,50.0,0.0
batch0,50.0,0.0
batch1,50.0,0.0
batch2,50.0,0.0
interactive0,50.0,0.0
batch0,50.0,0.0
batch1,50.0,0.0
batch2,50.0,0.0
interactive0,50.0,0.0
batch0,50.0,0.0
batch1,50.0,0.0
batch2,50.0,0.0
interactive0,50.0,0.0
batch0,50.0,0.0
batch1,50.0,0.0
batch2,50.0,0.0
interactive0,50.0,0.0
batch0,50.0,0.0
batch1,50.0,0.0
batch2,50.0,0.0
interactive0,50.0,0.0
batch0,50.0,0.0
batch1,50.0,0.0
batch2,50.0,0.0
interactive0,50.0,0.0
batch0,50.0,0.0
batch1,50.0,0.0
batch2,50.0,0.0
interactive0,50.0,0.0
batch0,50.0,0.0
batch1,50.0,0.0
batch2,50.0,0.0
interactive0,50.0,0.0
batch0,50.0,0.0
batch1,50.0,0.0
batch2,50.0,0.0
interactive0,50.0,0.0
batch0,50.0,0.0
batch1,50.0,0.0
batch2,50.0,0.0
interactive0,50.0,0.0
batch0,50.0,0.0
batch1,50.0,0.0
batch2,50.0,0.0
interactive0,50.0,0.0
batch0,50.0,0.0
batch1,50.0,0.0
batch2,50.0,0.0
interactive0,50.0,0.0
batch0,50.0,0.0
batch1,50.0,0.0
batch2,50.0,0.0
interactive0,50.0,0.0
batch0,50.0,0.0
batch1,50.0,0.0
batch2,50.0,0.0
interactive0,50.0,0.0
batch0,50.0,0.0
batch1,50.0,0.0
batch2,50.0,0.0
interactive0,50.0,0.0
batch0,50.0,0.0
batch1,50.0,0.0
batch2,50.0,0.0
interactive0,50.0,0.0
batch0,50.0,0.0
batch1,50.0,0.0
batch2,50.0,0.0
interactive0,50.0,0.0
batch0,50.0,0.0
batch1,50.0,0.0
batch2,50.0,0.0
interactive0,50.0,0.0
batch0,50.0,0.0
batch1,50.0,0.0
batch2,50.0,0.0
interactive0,50.0,0.0
batch0,50.0,0.0
batch1,50.0,0.0
batch2,50.0,0.0
interactive0,50.0,0.0
batch0,50.0,0.0
batch1,50.0,0.0
batch2,50.0,0.0
interactive0,50.0,0.0
batch0,50.0,0.0
batch1,50.0,0.0
batch2,50.0,0.0
interactive0,50.0,0.0
batch0,50.0,0.0
batch1,50.0,0.0
batch2,50.0,0.0
interactive0,50.0,0.0
batch0,50.0,0.0
batch1,50.0,0.0
batch2,50.0,0.0
interactive0,50.0,0.0
batch0,50.0,0.0
batch1,50.0,0.0
batch2,50.0,0.0
interactive0,50.0,0.0
batch0,50.0,0.0
batch1,50.0,0.0
batch2,50.0,0.0
interactive0,50.0,0.0
batch0,50.0,0.0
batch1,50.0,0.0
batch2,50.0,0.0
interactive0,50.0,0.0
batch0,50.0,0.0
batch1,50.0,0.0
batch2,50.0,0.0
interactive0,50.0,0.0
batch0,50.0,0.0
batch1,50.0,0.0
batch2,50.0,0.0
interactive0,50.0,0.0
batch0,50.0,0.0
batch1,50.0,0.0
batch2,50.0,0.0
interactive0,50.0,0.0
batch0,50.0,0.0
batch1,50.0,0.0
batch2,50.0,0.0
interactive0,50.0,0.0
batch0,50.0,0.0
batch1,50.0,0.0
batch2,50.0,0.0
interactive0,50.0,0.0
batch0,50.0,0.0
batch1,50.0,0.0
batch2,50.0,0.0
interactive0,50.0,0.0
batch0,50.0,0.0
batch1,50.0,0.0
batch2,50.0,0.0
interactive0,50.0,0.0
batch0,50.0,0.0
batch1,50.0,0.0
batch2,50.0,0.0
interactive0,50.0,0.0
batch0,50.0,0.0
batch1,50.0,0.0
batch2,50.0,0.0
interactive0,50.0,0.0
batch0,50.0,0.0
batch1,50.0,0.0
batch2,50.0,0.0
interactive0,50.0,0.0
batch0,50.0,0.0
batch1,50.0,0.0
batch2,50.0,0.0
interactive0,50.0,0.0
batch0,50.0,0.0
batch1,50.0,0.0
batch2,50.0,0.0
interactive0,50.0,0.0
batch0,50.0,0.0
batch1,50.0,0.0
batch2,50.0,0.0
interactive0,50.0,0.0
batch0,50.0,0.0
batch1,50.0,0.0
batch2,50.0,0.0
interactive0,50.0,0.0
batch0,50.0,0.0
batch1,50.0,0.0
batch2,50.0,0.0
interactive0,50.0,0.0
batch0,50.0,0.0
batch1,50.0,0.0
batch2,50.0,0.0
interactive0,50.0,0.0
batch0,50.0,0.0
batch1,50.0,0.0
batch2,50.0,0.0
interactive0,50.0,0.0
batch0,50.0,0.0
batch1,50.0,0.0
batch2,50.0,0.0
interactive0,50.0,0.0
batch0,50.0,0.0
batch1,50.0,0.0
batch2,50.0,0.0
interactive0,50.0,0.0
batch0,50.0,0.0
batch1,50.0,0.0
batch2,50.0,0.0
interactive0,50.0,0.0
batch0,50.0,0.0
batch1,50.0,0.0
batch2,50.0,0.0
interactive0,50.0,0.0
batch0,50.0,0.0
batch1,50.0,0.0
batch2,50.0,0.0
interactive0,50.0,0.0
batch0,50.0,0.0
batch1,50.0,0.0
batch2,50.0,0.0
interactive0,50.0,0.0
batch0,50.0,0.0
batch1,50.0,0.0
batch2,50.0,0.0
interactive0,50.0,0.0
batch0,50.0,0.0
batch1,50.0,0.0
batch2,50.0,0.0
interactive0,50.0,0.0
batch0,50.0,0.0
batch1,50.0,0.0
batch2,50.0,0.0
interactive0,50.0,0.0
batch0,50.0,0.0
batch1,50.0,0.0
batch2,50.0,0.0
interactive0,50.0,0.0
batch0,50.0,0.0
batch1,50.0,0.0
batch2,50.0,0.0
interactive0,50.0,0.0
batch0,50.0,0.0
batch1,50.0,0.0
batch2,50.0,0.0
interactive0,50.0,0.0
batch0,50.0,0.0
batch1,50.0,0.0
batch2,50.0,0.0
interactive0,50.0,0.0
batch0,50.0,0.0
batch1,50.0,0.0
batch2,50.0,0.0
interactive0,50.0,0.0
batch0,50.0,0.0
batch1,50.0,0.0
batch2,50.0,0.0
interactive0,50.0,0.0
batch0,50.0,0.0
batch1,50.0,0.0
batch2,50.0,0.0
interactive0,50.0,0.0
batch0,50.0,0.0
batch1,50.0,0.0
batch2,50.0,0.0
interactive0,50.0,0.0
batch0,50.0,0.0
batch1,50.0,0.0
batch2,50.0,0.0
interactive0,50.0,0.0
batch0,50.0,0.0
batch1,50.0,0.0
batch2,50.0,0.0
interactive0,50.0,0.0
batch0,50.0,0.0
batch1,50.0,0.0
batch2,50.0,0.0
interactive0,50.0,0.0
batch0,50.0,0.0
batch1,50.0,0.0
batch2,50.0,0.0
interactive0,49.0,0.0
batch0,50.0,0.0
batch1,50.0,0.0
batch2,50.0,0.0
interactive0,50.0,0.0
batch0,50.0,0.0
batch1,50.0,0.0
batch2,50.0,0.0
interactive0,50.0,0.0
batch0,50.0,0.0
batch1,50.0,0.0
batch2,50.0,0.0
interactive0,50.0,0.0
batch0,50.0,0.0
batch1,50.0,0.0
batch2,50.0,0.0
interactive0,50.0,0.0
batch0,50.0,0.0
batch1,50.0,0.0
batch2,50.0,0.0
interactive0,50.0,0.0
batch0,50.0,0.0
batch1,50.0,0.0
batch2,50.0,0.0
interactive0,50.0,0.0
batch0,50.0,0.0
batch1,50.0,0.0
batch2,50.0,0.0
interactive0,50.0,0.0
batch0,50.0,0.0
batch1,50.0,0.0
batch2,50.0,0.0
interactive0,50.0,0.0
batch0,50.0,0.0
batch1,50.0,0.0
batch2,50.0,0.0
interactive0,50.0,0.0
batch0,50.0,0.0
batch1,50.0,0.0
batch2,50.0,0.0
interactive0,50.0,0.0
batch0,50.0,0.0
batch1,50.0,0.0
batch2,50.0,0.0
interactive0,50.0,0.0
batch0,50.0,0.0
batch1,50.0,0.0
batch2,50.0,0.0
interactive0,50.0,0.0
batch0,50.0,0.0
batch1,50.0,0.0
batch2,50.0,0.0
interactive0,50.0,0.0
batch0,50.0,0.0
batch1,50.0,0.0
batch2,50.0,0.0
interactive0,50.0,0.0
batch0,50.0,0.0
batch1,50.0,0.0
batch2,50.0,0.0
interactive0,50.0,0.0
batch0,50.0,0.0
batch1,50.0,0.0
batch2,50.0,0.0
interactive0,50.0,0.0
batch0,50.0,0.0
batch1,50.0,0.0
batch2,50.0,0.0
interactive0,50.0,0.0
batch0,50.0,0.0
batch1,50.0,0.0
batch2,50.0,0.0
interactive0,50.0,0.0
batch0,50.0,0.0
batch1,50.0,0.0
batch2,50.0,0.0
interactive0,50.0,0.0
batch0,50.0,0.0
batch1,50.0,0.0
batch2,50.0,0.0
interactive0,50.0,0.0
batch0,50.0,0.0
batch1,50.0,0.0
batch2,50.0,0.0
interactive0,50.0,0.0
batch0,50.0,0.0
batch1,50.0,0.0
batch2,50.0,0.0
interactive0,50.0,0.0
batch0,50.0,0.0
batch1,50.0,0.0
batch2,50.0,0.0
interactive0,50.0,0.0
batch0,50.0,0.0
batch1,50.0,0.0
batch2,50.0,0.0
interactive0,50.0,0.0
batch0,50.0,0.0
batch1,50.0,0.0
batch2,50.0,0.0
interactive0,50.0,0.0
batch0,50.0,0.0
batch1,50.0,0.0
batch2,50.0,0.0
interactive0,50.0,0.0
batch0,50.0,0.0
batch1,50.0,0.0
batch2,50.0,0.0
interactive0,50.0,0.0
batch0,50.0,0.0
batch1,50.0,0.0
batch2,50.0,0.0
interactive0,50.0,0.0
batch0,50.0,0.0
batch1,50.0,0.0
batch2,50.0,0.0
interactive0,50.0,0.0
batch0,50.0,0.0
batch1,50.0,0.0
batch2,50.0,0.0
interactive0,50.0,0.0
batch0,50.0,0.0
batch1,50.0,0.0
batch2,50.0,0.0
interactive0,50.0,0.0
batch0,50.0,0.0
batch1,50.0,0.0
batch2,50.0,0.0
interactive0,50.0,0.0
batch0,50.0,0.0
batch1,50.0,0.0
batch2,50.0,0.0
interactive0,50.0,0.0
batch0,50.0,0.0
batch1,50.0,0.0
batch2,50.0,0.0
interactive0,50.0,0.0
batch0,50.0,0.0
batch1,50.0,0.0
batch2,50.0,0.0
interactive0,50.0,0.0
batch0,50.0,0.0
batch1,50.0,0.0
batch2,50.0,0.0
interactive0,50.0,0.0
batch0,50.0,0.0
batch1,50.0,0.0
batch2,50.0,0.0
interactive0,50.0,0.0
batch0,50.0,0.0
batch1,50.0,0.0
batch2,50.0,0.0
interactive0,50.0,0.0
batch0,50.0,0.0
batch1,50.0,0.0
batch2,50.0,0.0
interactive0,50.0,0.0
batch0,50.0,0.0
batch1,50.0,0.0
batch2,50.0,0.0
interactive0,50.0,0.0
batch0,50.0,0.0
batch1,50.0,0.0
batch2,50.0,0.0
interactive0,50.0,0.0
batch0,50.0,0.0
batch1,50.0,0.0
batch2,50.0,0.0
interactive0,50.0,0.0
batch0,50.0,0.0
batch1,50.0,0.0
batch2,50.0,0.0
interactive0,50.0,0.0
batch0,50.0,0.0
batch1,50.0,0.0
batch2,50.0,0.0
interactive0,50.0,0.0
batch0,50.0,0.0
batch1,50.0,0.0
batch2,50.0,0.0
interactive0,50.0,0.0
batch0,50.0,0.0
batch1,50.0,0.0
batch2,50.0,0.0
interactive0,50.0,0.0
batch0,50.0,0.0
batch1,50.0,0.0
batch2,50.0,0.0
interactive0,50.0,0.0
batch0,50.0,0.0
batch1,50.0,0.0
batch2,50.0,0.0
interactive0,50.0,0.0
batch0,50.0,0.0
batch1,50.0,0.0
batch2,50.0,0.0
interactive0,50.0,0.0
batch0,50.0,0.0
batch1,50.0,0.0
batch2,50.0,0.0
interactive0,50.0,0.0
batch0,50.0,0.0
batch1,50.0,0.0
batch2,50.0,0.0
interactive0,50.0,0.0
batch0,50.0,0.0
batch1,50.0,0.0
batch2,50.0,0.0
interactive0,50.0,0.0
batch0,50.0,0.0
batch1,50.0,0.0
batch2,50.0,0.0
interactive0,50.0,0.0
batch0,50.0,0.0
batch1,50.0,0.0
batch2,50.0,0.0
interactive0,50.0,0.0
batch0,50.0,0.0
batch1,50.0,0.0
batch2,50.0,0.0
interactive0,50.0,0.0
batch0,50.0,0.0
batch1,50.0,0.0
batch2,50.0,0.0
interactive0,50.0,0.0
batch0,50.0,0.0
batch1,50.0,0.0
batch2,50.0,0.0
interactive0,50.0,0.0
batch0,50.0,0.0
batch1,50.0,0.0
batch2,50.0,0.0
interactive0,50.0,0.0
batch0,50.0,0.0
batch1,50.0,0.0
batch2,50.0,0.0
interactive0,50.0,0.0
batch0,50.0,0.0
batch1,50.0,0.0
batch2,50.0,0.0
interactive0,50.0,0.0
batch0,50.0,0.0
batch1,50.0,0.0
batch2,50.0,0.0
interactive0,50.0,0.0
batch0,50.0,0.0
batch1,50.0,0.0
batch2,50.0,0.0
interactive0,50.0,0.0
batch0,50.0,0.0
batch1,50.0,0.0
batch2,50.0,0.0
interactive0,50.0,0.0
batch0,50.0,0.0
batch1,50.0,0.0
batch2,50.0,0.0
interactive0,50.0,0.0
batch0,50.0,0.0
batch1,50.0,0.0
batch2,50.0,0.0
interactive0,50.0,0.0
batch0,50.0,0.0
batch1,50.0,0.0
batch2,50.0,0.0
interactive0,50.0,0.0
batch0,50.0,0.0
batch1,50.0,0.0
batch2,50.0,0.0
interactive0,50.0,0.0
batch0,50.0,0.0
batch1,50.0,0.0
batch2,50.0,0.0
interactive0,50.0,0.0
batch0,50.0,0.0
batch1,50.0,0.0
batch2,50.0,0.0
interactive0,50.0,0.0
batch0,50.0,0.0
batch1,50.0,0.0
batch2,50.0,0.0
interactive0,50.0,0.0
batch0,50.0,0.0
batch1,50.0,0.0
batch2,50.0,0.0
interactive0,50.0,0.0
batch0,50.0,0.0
batch1,50.0,0.0
batch2,50.0,0.0
interactive0,50.0,0.0
batch0,50.0,0.0
batch1,50.0,0.0
batch2,50.0,0.0
interactive0,50.0,0.0
batch0,50.0,0.0
batch1,50.0,0.0
batch2,50.0,0.0
interactive0,50.0,0.0
batch0,50.0,0.0
batch1,50.0,0.0
batch2,50.0,0.0
interactive0,50.0,0.0
batch0,50.0,0.0
batch1,50.0,0.0
batch2,50.0,0.0
interactive0,50.0,0.0
batch0,50.0,0.0
batch1,50.0,0.0
batch2,50.0,0.0
interactive0,50.0,0.0
batch0,50.0,0.0
batch1,50.0,0.0
batch2,50.0,0.0
interactive0,50.0,0.0
batch0,50.0,0.0
batch1,50.0,0.0
batch2,50.0,0.0
interactive0,50.0,0.0
batch0,50.0,0.0
batch1,50.0,0.0
batch2,50.0,0.0
interactive0,50.0,0.0
batch0,50.0,0.0
batch1,50.0,0.0
batch2,50.0,0.0
interactive0,50.0,0.0
batch0,50.0,0.0
batch1,50.0,0.0
batch2,50.0,0.0
interactive0,50.0,0.0
batch0,50.0,0.0
batch1,50.0,0.0
batch2,50.0,0.0
interactive0,50.0,0.0
batch0,50.0,0.0
batch1,50.0,0.0
batch2,50.0,0.0
interactive0,50.0,0.0
batch0,50.0,0.0
batch1,50.0,0.0
batch2,50.0,0.0
interactive0,50.0,0.0
batch0,50.0,0.0
batch1,50.0,0.0
batch2,50.0,0.0
interactive0,50.0,0.0
batch0,50.0,0.0
batch1,50.0,0.0
batch2,50.0,0.0
interactive0,50.0,0.0
batch0,50.0,0.0
batch1,50.0,0.0
batch2,50.0,0.0
interactive0,50.0,0.0
batch0,50.0,0.0
batch1,50.0,0.0
batch2,50.0,0.0
interactive0,50.0,0.0
batch0,50.0,0.0
batch1,50.0,0.0
batch2,50.0,0.0
interactive0,50.0,0.0
batch0,50.0,0.0
batch1,50.0,0.0
batch2,50.0,0.0
interactive0,50.0,0.0
batch0,50.0,0.0
batch1,50.0,0.0
batch2,50.0,0.0
interactive0,50.0,0.0
batch0,50.0,0.0
batch1,50.0,0.0
batch2,50.0,0.0
interactive0,50.0,0.0
batch0,50.0,0.0
batch1,50.0,0.0
batch2,50.0,0.0
interactive0,50.0,0.0
batch0,50.0,0.0
batch1,50.0,0.0
batch2,50.0,0.0
interactive0,50.0,0.0
batch0,50.0,0.0
batch1,50.0,0.0
batch2,50.0,0.0
interactive0,50.0,0.0
batch0,50.0,0.0
batch1,50.0,0.0
batch2,50.0,0.0
interactive0,50.0,0.0
batch0,50.0,0.0
batch1,50.0,0.0
batch2,50.0,0.0
interactive0,50.0,0.0
batch0,50.0,0.0
batch1,50.0,0.0
batch2,50.0,0.0
interactive0,50.0,0.0
batch0,50.0,0.0
batch1,50.0,0.0
batch2,50.0,0.0
interactive0,50.0,0.0
batch0,50.0,0.0
batch1,50.0,0.0
batch2,50.0,0.0
interactive0,50.0,0.0
batch0,50.0,0.0
batch1,50.0,0.0
batch2,50.0,0.0
interactive0,50.0,0.0
batch0,50.0,0.0
batch1,50.0,0.0
batch2,50.0,0.0
interactive0,50.0,0.0
batch0,50.0,0.0
batch1,50.0,0.0
batch2,50.0,0.0
interactive0,50.0,0.0
batch0,50.0,0.0
batch1,50.0,0.0
batch2,50.0,0.0
interactive0,50.0,0.0
batch0,50.0,0.0
batch1,50.0,0.0
batch2,50.0,0.0
interactive0,50.0,0.0
batch0,50.0,0.0
batch1,50.0,0.0
batch2,50.0,0.0
interactive0,50.0,0.0
batch0,50.0,0.0
batch1,50.0,0.0
batch2,50.0,0.0
interactive0,50.0,0.0
batch0,50.0,0.0
batch1,50.0,0.0
batch2,50.0,0.0
interactive0,50.0,0.0
batch0,50.0,0.0
batch1,50.0,0.0
batch2,50.0,0.0
interactive0,50.0,0.0
batch0,50.0,0.0
batch1,50.0,0.0
batch2,50.0,0.0
interactive0,50.0,0.0
batch0,50.0,0.0
batch1,50.0,0.0
batch2,50.0,0.0
interactive0,50.0,0.0
batch0,50.0,0.0
batch1,50.0,0.0
batch2,50.0,0.0
interactive0,50.0,0.0
batch0,50.0,0.0
batch1,50.0,0.0
batch2,50.0,0.0
interactive0,50.0,0.0
batch0,50.0,0.0
batch1,50.0,0.0
batch2,50.0,0.0
interactive0,50.0,0.0
batch0,50.0,0.0
batch1,50.0,0.0
batch2,50.0,0.0
interactive0,50.0,0.0
batch0,50.0,0.0
batch1,50.0,0.0
batch2,50.0,0.0
interactive0,50.0,0.0
batch0,50.0,0.0
batch1,50.0,0.0
batch2,50.0,0.0
interactive0,50.0,0.0
batch0,50.0,0.0
batch1,50.0,0.0
batch2,50.0,0.0
interactive0,50.0,0.0
batch0,50.0,0.0
batch1,50.0,0.0
batch2,50.0,0.0
interactive0,50.0,0.0
batch0,50.0,0.0
batch1,50.0,0.0
batch2,50.0,0.0
interactive0,50.0,0.0
batch0,50.0,0.0
batch1,50.0,0.0
batch2,50.0,0.0
interactive0,50.0,0.0
batch0,50.0,0.0
batch1,50.0,0.0
batch2,50.0,0.0
interactive0,50.0,0.0
batch0,50.0,0.0
batch1,50.0,0.0
batch2,50.0,0.0
interactive0,50.0,0.0
batch0,50.0,0.0
batch1,50.0,0.0
batch2,50.0,0.0
interactive0,50.0,0.0
batch0,50.0,0.0
batch1,50.0,0.0
batch2,50.0,0.0
interactive0,50.0,0.0
batch0,50.0,0.0
batch1,50.0,0.0
batch2,50.0,0.0
interactive0,50.0,0.0
batch0,50.0,0.0
batch1,50.0,0.0
batch2,50.0,0.0
interactive0,50.0,0.0
batch0,50.0,0.0
batch1,50.0,0.0
batch2,50.0,0.0
interactive0,50.0,0.0
batch0,50.0,0.0
batch1,50.0,0.0
batch2,50.0,0.0
interactive0,50.0,0.0
batch0,50.0,0.0
batch1,50.0,0.0
batch2,50.0,0.0
interactive0,50.0,0.0
batch0,50.0,0.0
batch1,50.0,0.0
batch2,50.0,0.0
interactive0,50.0,0.0
batch0,50.0,0.0
batch1,50.0,0.0
batch2,50.0,0.0
interactive0,50.0,0.0
batch0,50.0,0.0
batch1,50.0,0.0
batch2,50.0,0.0
interactive0,50.0,0.0
batch0,50.0,0.0
batch1,50.0,0.0
batch2,50.0,0.0
interactive0,50.0,0.0
batch0,50.0,0.0
batch1,50.0,0.0
batch2,50.0,0.0
interactive0,50.0,0.0
batch0,50.0,0.0
batch1,50.0,0.0
batch2,50.0,0.0
interactive0,50.0,0.0
batch0,50.0,0.0
batch1,50.0,0.0
batch2,50.0,0.0
interactive0,50.0,0.0
batch0,50.0,0.0
batch1,50.0,0.0
batch2,50.0,0.0
interactive0,50.0,0.0
batch0,50.0,0.0
batch1,50.0,0.0
batch2,50.0,0.0
interactive0,50.0,0.0
batch0,50.0,0.0
batch1,50.0,0.0
batch2,50.0,0.0
interactive0,50.0,0.0
batch0,50.0,0.0
batch1,50.0,0.0
batch2,50.0,0.0
interactive0,50.0,0.0
batch0,50.0,0.0
batch1,50.0,0.0
batch2,50.0,0.0
interactive0,50.0,0.0
batch0,50.0,0.0
batch1,50.0,0.0
batch2,50.0,0.0
interactive0,50.0,0.0
batch0,50.0,0.0
batch1,50.0,0.0
batch2,50.0,0.0
interactive0,50.0,0.0
batch0,50.0,0.0
batch1,50.0,0.0
batch2,50.0,0.0
interactive0,50.0,0.0
batch0,50.0,0.0
batch1,50.0,0.0
batch2,50.0,0.0
interactive0,50.0,0.0
batch0,50.0,0.0
batch1,50.0,0.0
batch2,50.0,0.0
interactive0,50.0,0.0
batch0,50.0,0.0
batch1,50.0,0.0
batch2,50.0,0.0
interactive0,50.0,0.0
batch0,50.0,0.0
batch1,50.0,0.0
batch2,50.0,0.0
interactive0,50.0,0.0
batch0,50.0,0.0
batch1,50.0,0.0
batch2,50.0,0.0
interactive0,50.0,0.0
batch0,50.0,0.0
batch1,50.0,0.0
batch2,50.0,0.0
interactive0,50.0,0.0
batch0,50.0,0.0
batch1,50.0,0.0
batch2,50.0,0.0
interactive0,50.0,0.0
batch0,50.0,0.0
batch1,50.0,0.0
batch2,50.0,0.0
interactive0,50.0,0.0
batch0,50.0,0.0
batch1,50.0,0.0
batch2,50.0,0.0
interactive0,50.0,0.0
batch0,50.0,0.0
batch1,50.0,0.0
batch2,50.0,0.0
interactive0,50.0,0.0
batch0,50.0,0.0
batch1,50.0,0.0
batch2,50.0,0.0
interactive0,50.0,0.0
batch0,50.0,0.0
batch1,50.0,0.0
batch2,50.0,0.0
interactive0,50.0,0.0
batch0,50.0,0.0
batch1,50.0,0.0
batch2,50.0,0.0
interactive0,50.0,0.0
batch0,50.0,0.0
batch1,50.0,0.0
batch2,50.0,0.0
interactive0,50.0,0.0
batch0,49.0,0.0
batch1,50.0,0.0
batch2,50.0,0.0
interactive0,50.0,0.0
batch0,50.0,0.0
batch1,50.0,0.0
batch2,50.0,0.0
interactive0,50.0,0.0
batch0,50.0,0.0
batch1,50.0,0.0
batch2,50.0,0.0
interactive0,50.0,0.0
batch0,50.0,0.0
batch1,50.0,0.0
batch2,50.0,0.0
interactive0,50.0,0.0
batch0,50.0,0.0
batch1,50.0,0.0
batch2,50.0,0.0
interactive0,50.0,0.0
batch0,50.0,0.0
batch1,50.0,0.0
batch2,50.0,0.0
interactive0,50.0,0.0
batch0,50.0,0.0
batch1,50.0,0.0
batch2,50.0,0.0
interactive0,50.0,0.0
batch0,50.0,0.0
batch1,50.0,0.0
batch2,50.0,0.0
interactive0,50.0,0.0
batch0,50.0,0.0
batch1,50.0,0.0
batch2,50.0,0.0
interactive0,50.0,0.0
batch0,50.0,0.0
batch1,50.0,0.0
batch2,50.0,0.0
interactive0,50.0,0.0
batch0,50.0,0.0
batch1,50.0,0.0
batch2,50.0,0.0
interactive0,50.0,0.0
batch0,50.0,0.0
batch1,50.0,0.0
batch2,50.0,0.0
interactive0,50.0,0.0
batch0,50.0,0.0
batch1,50.0,0.0
batch2,50.0,0.0
interactive0,50.0,0.0
batch0,50.0,0.0
batch1,50.0,0.0
batch2,50.0,0.0
interactive0,50.0,0.0
batch0,50.0,0.0
batch1,50.0,0.0
batch2,50.0,0.0
interactive0,50.0,0.0
batch0,50.0,0.0
batch1,50.0,0.0
batch2,50.0,0.0
interactive0,50.0,0.0
batch0,50.0,0.0
batch1,50.0,0.0
batch2,50.0,0.0
interactive0,50.0,0.0
batch0,50.0,0.0
batch1,50.0,0.0
batch2,50.0,0.0
interactive0,50.0,0.0
batch0,50.0,0.0
batch1,50.0,0.0
batch2,50.0,0.0
interactive0,50.0,0.0
batch0,50.0,0.0
batch1,50.0,0.0
batch2,50.0,0.0
interactive0,50.0,0.0
batch0,50.0,0.0
batch1,50.0,0.0
batch2,50.0,0.0
interactive0,50.0,0.0
batch0,50.0,0.0
batch1,50.0,0.0
batch2,50.0,0.0
interactive0,50.0,0.0
batch0,50.0,0.0
batch1,50.0,0.0
batch2,50.0,0.0
interactive0,50.0,0.0
batch0,50.0,0.0
batch1,50.0,0.0
batch2,50.0,0.0
interactive0,50.0,0.0
batch0,50.0,0.0
batch1,50.0,0.0
batch2,50.0,0.0
interactive0,50.0,0.0
batch0,50.0,0.0
batch1,50.0,0.0
batch2,50.0,0.0
interactive0,50.0,0.0
batch0,50.0,0.0
batch1,50.0,0.0
batch2,50.0,0.0
interactive0,50.0,0.0
batch0,50.0,0.0
batch1,50.0,0.0
batch2,50.0,0.0
interactive0,50.0,0.0
batch0,50.0,0.0
batch1,50.0,0.0
batch2,50.0,0.0
interactive0,50.0,0.0
batch0,50.0,0.0
batch1,50.0,0.0
batch2,50.0,0.0
interactive0,50.0,0.0
batch0,50.0,0.0
batch1,50.0,0.0
batch2,50.0,0.0
interactive0,50.0,0.0
batch0,50.0,0.0
batch1,50.0,0.0
batch2,50.0,0.0
interactive0,50.0,0.0
batch0,50.0,0.0
batch1,50.0,0.0
batch2,50.0,0.0
interactive0,50.0,0.0
batch0,50.0,0.0
batch1,50.0,0.0
batch2,50.0,0.0
interactive0,50.0,0.0
batch0,49.0,0.0
batch1,50.0,0.0
batch2,50.0,0.0
interactive0,50.0,0.0
batch0,50.0,0.0
batch1,50.0,0.0
batch2,50.0,0.0
interactive0,50.0,0.0
batch0,50.0,0.0
batch1,50.0,0.0
batch2,50.0,0.0
interactive0,50.0,0.0
batch0,50.0,0.0
batch1,50.0,0.0
batch2,50.0,0.0
interactive0,50.0,0.0
batch0,50.0,0.0
batch1,50.0,0.0
batch2,50.0,0.0
interactive0,50.0,0.0
batch0,50.0,0.0
batch1,50.0,0.0
batch2,50.0,0.0
interactive0,50.0,0.0
batch0,50.0,0.0
batch1,50.0,0.0
batch2,50.0,0.0
interactive0,50.0,0.0
batch0,50.0,0.0
batch1,50.0,0.0
batch2,50.0,0.0
interactive0,50.0,0.0
batch0,50.0,0.0
batch1,50.0,0.0
batch2,50.0,0.0
interactive0,50.0,0.0
batch0,50.0,0.0
batch1,50.0,0.0
batch2,50.0,0.0
interactive0,50.0,0.0
batch0,50.0,0.0
batch1,50.0,0.0
batch2,50.0,0.0
interactive0,50.0,0.0
batch0,50.0,0.0
batch1,50.0,0.0
batch2,50.0,0.0
interactive0,50.0,0.0
batch0,50.0,0.0
batch1,50.0,0.0
batch2,50.0,0.0
interactive0,50.0,0.0
batch0,49.0,0.0
batch1,50.0,0.0
batch2,50.0,0.0
interactive0,50.0,0.0
batch0,50.0,0.0
batch1,49.0,0.0
batch2,50.0,0.0
interactive0,50.0,0.0
batch0,50.0,0.0
batch1,50.0,0.0
batch2,49.0,0.0
interactive0,50.0,0.0
batch0,50.0,0.0
batch1,50.0,0.0
batch2,50.0,0.0
interactive0,50.0,0.0
batch0,50.0,0.0
batch1,50.0,0.0
batch2,50.0,0.0
interactive0,50.0,0.0
batch0,50.0,0.0
batch1,50.0,0.0
batch2,50.0,0.0
interactive0,50.0,0.0
batch0,50.0,0.0
batch1,50.0,0.0
batch2,50.0,0.0
interactive0,50.0,0.0
batch0,50.0,0.0
batch1,50.0,0.0
batch2,50.0,0.0
interactive0,50.0,0.0
batch0,50.0,0.0
batch1,50.0,0.0
batch2,50.0,0.0
interactive0,50.0,0.0
batch0,50.0,0.0
batch1,50.0,0.0
batch2,50.0,0.0
interactive0,50.0,0.0
batch0,50.0,0.0
batch1,50.0,0.0
batch2,50.0,0.0
interactive0,50.0,0.0
batch0,50.0,0.0
batch1,50.0,0.0
batch2,50.0,0.0
interactive0,50.0,0.0
batch0,50.0,0.0
batch1,50.0,0.0
batch2,50.0,0.0
interactive0,50.0,0.0
batch0,50.0,0.0
batch1,50.0,0.0
batch2,50.0,0.0
interactive0,50.0,0.0
batch0,49.0,0.0
batch1,50.0,0.0
batch2,50.0,0.0
interactive0,50.0,0.0
batch0,50.0,0.0
batch1,49.0,0.0
batch2,50.0,0.0
interactive0,50.0,0.0
batch0,49.0,0.0
batch1,50.0,0.0
batch2,49.0,0.0
interactive0,50.0,0.0
batch0,50.0,0.0
batch1,49.0,0.0
batch2,50.0,0.0
interactive0,50.0,0.0
batch0,50.0,0.0
batch1,50.0,0.0
batch2,49.0,0.0
interactive0,50.0,0.0
batch0,50.0,0.0
batch1,50.0,0.0
batch2,50.0,0.0
interactive0,50.0,0.0
batch0,50.0,0.0
batch1,50.0,0.0
batch2,50.0,0.0
interactive0,50.0,0.0
batch0,50.0,0.0
batch1,50.0,0.0
batch2,50.0,0.0
interactive0,50.0,0.0
batch0,50.0,0.0
batch1,50.0,0.0
batch2,50.0,0.0
interactive0,50.0,0.0
batch0,50.0,0.0
batch1,50.0,0.0
batch2,50.0,0.0
interactive0,50.0,0.0
batch0,50.0,0.0
batch1,50.0,0.0
batch2,50.0,0.0
interactive0,50.0,0.0
batch0,50.0,0.0
batch1,50.0,0.0
batch2,50.0,0.0
interactive0,50.0,0.0
batch0,50.0,0.0
batch1,50.0,0.0
batch2,50.0,0.0
interactive0,50.0,0.0
batch0,50.0,0.0
batch1,50.0,0.0
batch2,50.0,0.0
interactive0,50.0,0.0
batch0,50.0,0.0
batch1,50.0,0.0
batch2,50.0,0.0
interactive0,50.0,0.0
batch0,50.0,0.0
batch1,50.0,0.0
batch2,50.0,0.0
interactive0,50.0,0.0
batch0,50.0,0.0
batch1,50.0,0.0
batch2,50.0,0.0
interactive0,50.0,0.0
batch0,50.0,0.0
batch1,50.0,0.0
batch2,50.0,0.0
interactive0,50.0,0.0
batch0,50.0,0.0
batch1,50.0,0.0
batch2,50.0,0.0
interactive0,50.0,0.0
batch0,50.0,0.0
batch1,50.0,0.0
batch2,50.0,0.0
interactive0,50.0,0.0
batch0,50.0,0.0
batch1,50.0,0.0
batch2,50.0,0.0
interactive0,50.0,0.0
batch0,50.0,0.0
batch1,50.0,0.0
batch2,50.0,0.0
interactive0,50.0,0.0
batch0,50.0,0.0
batch1,50.0,0.0
batch2,50.0,0.0
interactive0,50.0,0.0
batch0,50.0,0.0
batch1,50.0,0.0
batch2,50.0,0.0
interactive0,50.0,0.0
batch0,50.0,0.0
batch1,50.0,0.0
batch2,50.0,0.0
interactive0,50.0,0.0
batch0,50.0,0.0
batch1,50.0,0.0
batch2,50.0,0.0
interactive0,50.0,0.0
batch0,50.0,0.0
batch1,50.0,0.0
batch2,50.0,0.0
interactive0,50.0,0.0
batch0,50.0,0.0
batch1,50.0,0.0
batch2,50.0,0.0
interactive0,50.0,0.0
batch0,50.0,0.0
batch1,50.0,0.0
batch2,50.0,0.0
interactive0,50.0,0.0
batch0,50.0,0.0
batch1,50.0,0.0
batch2,50.0,0.0
interactive0,50.0,0.0
batch0,50.0,0.0
batch1,50.0,0.0
batch2,50.0,0.0
interactive0,50.0,0.0
batch0,50.0,0.0
batch1,50.0,0.0
batch2,50.0,0.0
interactive0,50.0,0.0
batch0,50.0,0.0
batch1,50.0,0.0
batch2,50.0,0.0
interactive0,50.0,0.0
batch0,50.0,0.0
batch1,50.0,0.0
batch2,50.0,0.0
interactive0,50.0,0.0
batch0,50.0,0.0
batch1,50.0,0.0
batch2,50.0,0.0
interactive0,50.0,0.0
batch0,50.0,0.0
batch1,50.0,0.0
batch2,50.0,0.0
interactive0,50.0,0.0
batch0,50.0,0.0
batch1,50.0,0.0
batch2,50.0,0.0
interactive0,50.0,0.0
batch0,50.0,0.0
batch1,50.0,0.0
batch2,50.0,0.0
interactive0,50.0,0.0
batch0,50.0,0.0
batch1,50.0,0.0
batch2,50.0,0.0
interactive0,50.0,0.0
batch0,50.0,0.0
batch1,50.0,0.0
batch2,50.0,0.0
interactive0,50.0,0.0
batch0,50.0,0.0
batch1,50.0,0.0
batch2,50.0,0.0
interactive0,50.0,0.0
batch0,50.0,0.0
batch1,50.0,0.0
batch2,50.0,0.0
interactive0,50.0,0.0
batch0,50.0,0.0
batch1,50.0,0.0
batch2,50.0,0.0
interactive0,50.0,0.0
batch0,50.0,0.0
batch1,50.0,0.0
batch2,50.0,0.0
interactive0,50.0,0.0
batch0,50.0,0.0
batch1,50.0,0.0
batch2,50.0,0.0
interactive0,50.0,0.0
batch0,50.0,0.0
batch1,50.0,0.0
batch2,50.0,0.0
interactive0,50.0,0.0
batch0,50.0,0.0
batch1,50.0,0.0
batch2,50.0,0.0
interactive0,50.0,0.0
batch0,50.0,0.0
batch1,50.0,0.0
batch2,50.0,0.0
interactive0,50.0,0.0
batch0,50.0,0.0
batch1,50.0,0.0
batch2,50.0,0.0
interactive0,50.0,0.0
batch0,50.0,0.0
batch1,50.0,0.0
batch2,50.0,0.0
interactive0,50.0,0.0
batch0,50.0,0.0
batch1,50.0,0.0
batch2,50.0,0.0
interactive0,50.0,0.0
batch0,50.0,0.0
batch1,50.0,0.0
batch2,50.0,0.0
interactive0,50.0,0.0
batch0,50.0,0.0
batch1,50.0,0.0
batch2,50.0,0.0
interactive0,50.0,0.0
batch0,50.0,0.0
batch1,50.0,0.0
batch2,50.0,0.0
interactive0,50.0,0.0
batch0,50.0,0.0
batch1,50.0,0.0
batch2,50.0,0.0
interactive0,50.0,0.0
batch0,50.0,0.0
batch1,50.0,0.0
batch2,50.0,0.0
interactive0,50.0,0.0
batch0,50.0,0.0
batch1,50.0,0.0
batch2,50.0,0.0
interactive0,50.0,0.0
batch0,50.0,0.0
batch1,50.0,0.0
batch2,50.0,0.0
interactive0,50.0,0.0
batch0,50.0,0.0
batch1,50.0,0.0
batch2,50.0,0.0
interactive0,50.0,0.0
batch0,50.0,0.0
batch1,50.0,0.0
batch2,50.0,0.0
interactive0,50.0,0.0
batch0,50.0,0.0
batch1,50.0,0.0
batch2,50.0,0.0
interactive0,50.0,0.0
batch0,50.0,0.0
batch1,50.0,0.0
batch2,50.0,0.0
interactive0,50.0,0.0
batch0,50.0,0.0
batch1,50.0,0.0
batch2,50.0,0.0
interactive0,50.0,0.0
batch0,50.0,0.0
batch1,50.0,0.0
batch2,50.0,0.0
interactive0,50.0,0.0
batch0,50.0,0.0
batch1,50.0,0.0
batch2,50.0,0.0
interactive0,50.0,0.0
batch0,50.0,0.0
batch1,50.0,0.0
batch2,50.0,0.0
interactive0,50.0,0.0
batch0,50.0,0.0
batch1,50.0,0.0
batch2,50.0,0.0
interactive0,50.0,0.0
batch0,50.0,0.0
batch1,50.0,0.0
batch2,50.0,0.0
interactive0,50.0,0.0
batch0,50.0,0.0
batch1,50.0,0.0
batch2,50.0,0.0
interactive0,50.0,0.0
batch0,50.0,0.0
batch1,50.0,0.0
batch2,50.0,0.0
interactive0,50.0,0.0
batch0,50.0,0.0
batch1,50.0,0.0
batch2,50.0,0.0
interactive0,50.0,0.0
batch0,50.0,0.0
batch1,50.0,0.0
batch2,50.0,0.0
interactive0,50.0,0.0
batch0,50.0,0.0
batch1,50.0,0.0
batch2,50.0,0.0
interactive0,50.0,0.0
batch0,50.0,0.0
batch1,50.0,0.0
batch2,50.0,0.0
interactive0,50.0,0.0
batch0,50.0,0.0
batch1,50.0,0.0
batch2,50.0,0.0
interactive0,50.0,0.0
batch0,50.0,0.0
batch1,50.0,0.0
batch2,50.0,0.0
interactive0,50.0,0.0
batch0,50.0,0.0
batch1,50.0,0.0
batch2,50.0,0.0
interactive0,50.0,0.0
batch0,50.0,0.0
batch1,50.0,0.0
batch2,50.0,0.0
interactive0,50.0,0.0
batch0,50.0,0.0
batch1,50.0,0.0
batch2,50.0,0.0
interactive0,50.0,0.0
batch0,50.0,0.0
batch1,50.0,0.0
batch2,50.0,0.0
interactive0,50.0,0.0
batch0,50.0,0.0
batch1,50.0,0.0
batch2,50.0,0.0
interactive0,50.0,0.0
batch0,50.0,0.0
batch1,50.0,0.0
batch2,50.0,0.0
interactive0,50.0,0.0
batch0,50.0,0.0
batch1,50.0,0.0
batch2,50.0,0.0
interactive0,50.0,0.0
batch0,50.0,0.0
batch1,50.0,0.0
batch2,50.0,0.0
interactive0,50.0,0.0
batch0,50.0,0.0
batch1,50.0,0.0
batch2,50.0,0.0
interactive0,50.0,0.0
batch0,50.0,0.0
batch1,50.0,0.0
batch2,50.0,0.0
interactive0,50.0,0.0
batch0,50.0,0.0
batch1,50.0,0.0
batch2,50.0,0.0
interactive0,50.0,0.0
batch0,50.0,0.0
batch1,50.0,0.0
batch2,50.0,0.0
interactive0,50.0,0.0
batch0,50.0,0.0
batch1,50.0,0.0
batch2,50.0,0.0
interactive0,50.0,0.0
batch0,50.0,0.0
batch1,50.0,0.0
batch2,50.0,0.0
interactive0,50.0,0.0
batch0,50.0,0.0
batch1,50.0,0.0
batch2,50.0,0.0
interactive0,50.0,0.0
batch0,50.0,0.0
batch1,50.0,0.0
batch2,50.0,0.0
interactive0,50.0,0.0
batch0,50.0,0.0
batch1,50.0,0.0
batch2,50.0,0.0
interactive0,50.0,0.0
batch0,50.0,0.0
batch1,50.0,0.0
batch2,50.0,0.0
interactive0,50.0,0.0
batch0,50.0,0.0
batch1,50.0,0.0
batch2,50.0,0.0
interactive0,50.0,0.0
batch0,50.0,0.0
batch1,50.0,0.0
batch2,50.0,0.0
interactive0,50.0,0.0
batch0,50.0,0.0
batch1,50.0,0.0
batch2,50.0,0.0
interactive0,50.0,0.0
batch0,50.0,0.0
batch1,50.0,0.0
batch2,50.0,0.0
interactive0,50.0,0.0
batch0,50.0,0.0
batch1,50.0,0.0
batch2,50.0,0.0
interactive0,50.0,0.0
batch0,50.0,0.0
batch1,50.0,0.0
batch2,50.0,0.0
interactive0,50.0,0.0
batch0,50.0,0.0
batch1,50.0,0.0
batch2,50.0,0.0
interactive0,50.0,0.0
batch0,50.0,0.0
batch1,50.0,0.0
batch2,50.0,0.0
interactive0,50.0,0.0
batch0,50.0,0.0
batch1,50.0,0.0
batch2,50.0,0.0
interactive0,50.0,0.0
batch0,50.0,0.0
batch1,50.0,0.0
batch2,50.0,0.0
interactive0,50.0,0.0
batch0,50.0,0.0
batch1,50.0,0.0
batch2,50.0,0.0
interactive0,50.0,0.0
batch0,50.0,0.0
batch1,50.0,0.0
batch2,50.0,0.0
interactive0,50.0,0.0
batch0,50.0,0.0
batch1,50.0,0.0
batch2,50.0,0.0
interactive0,50.0,0.0
batch0,50.0,0.0
batch1,50.0,0.0
batch2,50.0,0.0
interactive0,50.0,0.0
batch0,50.0,0.0
batch1,50.0,0.0
batch2,50.0,0.0
interactive0,50.0,0.0
batch0,50.0,0.0
batch1,50.0,0.0
batch2,50.0,0.0
interactive0,50.0,0.0
batch0,50.0,0.0
batch1,50.0,0.0
batch2,50.0,0.0
interactive0,50.0,0.0
batch0,50.0,0.0
batch1,50.0,0.0
batch2,50.0,0.0
interactive0,50.0,0.0
batch0,50.0,0.0
batch1,50.0,0.0
batch2,50.0,0.0
interactive0,50.0,0.0
batch0,50.0,0.0
batch1,50.0,0.0
batch2,50.0,0.0
interactive0,50.0,0.0
batch0,50.0,0.0
batch1,50.0,0.0
batch2,50.0,0.0
interactive0,50.0,0.0
batch0,50.0,0.0
batch1,50.0,0.0
batch2,50.0,0.0
interactive0,50.0,0.0
batch0,50.0,0.0
batch1,50.0,0.0
batch2,50.0,0.0
interactive0,50.0,0.0
batch0,50.0,0.0
batch1,50.0,0.0
batch2,50.0,0.0
interactive0,50.0,0.0
batch0,50.0,0.0
batch1,50.0,0.0
batch2,50.0,0.0
interactive0,50.0,0.0
batch0,50.0,0.0
batch1,50.0,0.0
batch2,50.0,0.0
interactive0,50.0,0.0
batch0,50.0,0.0
batch1,50.0,0.0
batch2,50.0,0.0
interactive0,50.0,0.0
batch0,50.0,0.0
batch1,50.0,0.0
batch2,50.0,0.0
interactive0,50.0,0.0
batch0,50.0,0.0
batch1,50.0,0.0
batch2,50.0,0.0
interactive0,50.0,0.0
batch0,48.0,0.0
batch1,50.0,0.0
batch2,50.0,0.0
interactive0,50.0,0.0
batch0,50.0,0.0
batch1,50.0,0.0
batch2,50.0,0.0
interactive0,50.0,0.0
batch0,48.0,0.0
batch1,50.0,0.0
batch2,50.0,0.0
interactive0,50.0,0.0
batch0,50.0,0.0
batch1,50.0,0.0
batch2,50.0,0.0
interactive0,50.0,0.0
batch0,50.0,0.0
batch1,47.0,0.0
batch2,50.0,0.0
interactive0,49.0,0.0
batch0,50.0,0.0
batch1,49.0,0.0
batch2,50.0,0.0
interactive0,50.0,0.0
batch0,50.0,0.0
batch1,47.0,0.0
batch2,48.0,0.0
interactive0,52.0,0.0
batch0,43.0,0.0
batch1,50.0,0.0
batch2,49.0,0.0
interactive0,59.0,0.0
batch0,40.0,0.0
batch1,50.0,0.0
batch2,47.0,0.0
interactive0,69.0,0.0
batch0,32.0,0.0
batch1,46.0,0.0
batch2,50.0,0.0
interactive0,83.0,0.0
batch0,27.0,0.0
batch1,41.0,0.0
batch2,49.0,0.0
interactive0,103.0,0.0
batch0,21.0,0.0
batch1,33.0,0.0
batch2,37.0,0.0
interactive0,121.0,0.0
batch0,16.0,0.0
batch1,27.0,0.0
batch2,32.0,0.0
interactive0,138.0,0.0
batch0,8.0,0.0
batch1,21.0,0.0
batch2,26.0,0.0
interactive0,155.0,0.0
batch0,5.0,0.0
batch1,14.0,0.0
batch2,24.0,0.0
interactive0,171.0,0.0
batch0,0.0,0.0
batch1,7.0,0.0
batch2,18.0,0.0
interactive0,181.0,0.0
batch0,0.0,0.0
batch1,5.0,0.0
batch2,13.0,0.0
interactive0,191.0,0.0
batch0,0.0,0.0
batch1,0.0,0.0
batch2,6.0,0.0
interactive0,196.0,0.0
batch0,0.0,0.0
batch1,0.0,0.0
batch2,4.0,0.0
interactive0,200.0,0.0
batch0,0.0,0.0
batch1,0.0,0.0
batch2,0.0,0.0
interactive0,200.0,0.0
batch0,0.0,0.0
batch1,0.0,0.0
batch2,0.0,0.0
interactive0,200.0,0.0
batch0,0.0,0.0
batch1,0.0,0.0
batch2,0.0,0.0
interactive0,200.0,0.0
batch0,0.0,0.0
batch1,0.0,0.0
batch2,0.0,0.0
interactive0,200.0,0.0
batch0,0.0,0.0
batch1,0.0,0.0
batch2,0.0,0.0
interactive0,200.0,0.0
batch0,0.0,0.0
batch1,0.0,0.0
batch2,0.0,0.0
interactive0,200.0,0.0
batch0,0.0,0.0
batch1,0.0,0.0
batch2,0.0,0.0
interactive0,200.0,0.0
batch0,0.0,0.0
batch1,0.0,0.0
batch2,0.0,0.0
interactive0,200.0,0.0
batch0,0.0,0.0
batch1,0.0,0.0
batch2,0.0,0.0
interactive0,195.0,0.0
batch0,0.0,0.0
batch1,0.0,0.0
batch2,0.0,0.0
interactive0,200.0,0.0
batch0,0.0,0.0
batch1,0.0,0.0
batch2,0.0,0.0
interactive0,200.0,0.0
batch0,0.0,0.0
batch1,0.0,0.0
batch2,0.0,0.0
interactive0,200.0,0.0
batch0,0.0,0.0
batch1,0.0,0.0
batch2,0.0,0.0
interactive0,200.0,0.0
batch0,0.0,0.0
batch1,0.0,0.0
batch2,0.0,0.0
interactive0,200.0,0.0
batch0,0.0,0.0
batch1,0.0,0.0
batch2,0.0,0.0
interactive0,196.0,0.0
batch0,0.0,0.0
batch1,0.0,0.0
batch2,0.0,0.0
interactive0,200.0,0.0
batch0,0.0,0.0
batch1,0.0,0.0
batch2,0.0,0.0
interactive0,200.0,0.0
batch0,0.0,0.0
batch1,0.0,0.0
batch2,0.0,0.0
interactive0,200.0,0.0
batch0,0.0,0.0
batch1,0.0,0.0
batch2,0.0,0.0
interactive0,200.0,0.0
batch0,0.0,0.0
batch1,0.0,0.0
batch2,0.0,0.0
interactive0,187.0,0.0
batch0,0.0,0.0
batch1,0.0,0.0
batch2,0.0,0.0
interactive0,200.0,0.0
batch0,0.0,0.0
batch1,0.0,0.0
batch2,0.0,0.0
interactive0,200.0,0.0
batch0,0.0,0.0
batch1,0.0,0.0
batch2,0.0,0.0
interactive0,200.0,0.0
batch0,0.0,0.0
batch1,0.0,0.0
batch2,0.0,0.0
interactive0,191.0,0.0
batch0,0.0,0.0
batch1,0.0,0.0
batch2,0.0,0.0
interactive0,200.0,0.0
batch0,0.0,0.0
batch1,0.0,0.0
batch2,0.0,0.0
interactive0,200.0,0.0
batch0,0.0,0.0
batch1,0.0,0.0
batch2,0.0,0.0
interactive0,186.0,0.0
batch0,0.0,0.0
batch1,0.0,0.0
batch2,0.0,0.0
interactive0,200.0,0.0
batch0,0.0,0.0
batch1,0.0,0.0
batch2,0.0,0.0
interactive0,200.0,0.0
batch0,0.0,0.0
batch1,0.0,0.0
batch2,0.0,0.0
interactive0,200.0,0.0
batch0,0.0,0.0
batch1,0.0,0.0
batch2,0.0,0.0
interactive0,200.0,0.0
batch0,0.0,0.0
batch1,0.0,0.0
batch2,0.0,0.0
interactive0,200.0,0.0
batch0,0.0,0.0
batch1,0.0,0.0
batch2,0.0,0.0
interactive0,200.0,0.0
batch0,0.0,0.0
batch1,0.0,0.0
batch2,0.0,0.0
interactive0,200.0,0.0
batch0,0.0,0.0
batch1,0.0,0.0
batch2,0.0,0.0
interactive0,200.0,0.0
batch0,0.0,0.0
batch1,0.0,0.0
batch2,0.0,0.0
interactive0,200.0,0.0
batch0,0.0,0.0
batch1,0.0,0.0
batch2,0.0,0.0
interactive0,200.0,0.0
batch0,0.0,0.0
batch1,0.0,0.0
batch2,0.0,0.0
interactive0,200.0,0.0
batch0,0.0,0.0
batch1,0.0,0.0
batch2,0.0,0.0
interactive0,200.0,0.0
batch0,0.0,0.0
batch1,0.0,0.0
batch2,0.0,0.0
interactive0,200.0,0.0
batch0,0.0,0.0
batch1,0.0,0.0
batch2,0.0,0.0
interactive0,200.0,0.0
batch0,0.0,0.0
batch1,0.0,0.0
batch2,0.0,0.0
interactive0,200.0,0.0
batch0,0.0,0.0
batch1,0.0,0.0
batch2,0.0,0.0
interactive0,182.0,0.0
batch0,0.0,0.0
batch1,0.0,0.0
batch2,0.0,0.0
interactive0,200.0,0.0
batch0,0.0,0.0
batch1,0.0,0.0
batch2,0.0,0.0
interactive0,193.0,0.0
batch0,0.0,0.0
batch1,0.0,0.0
batch2,0.0,0.0
interactive0,200.0,0.0
batch0,0.0,0.0
batch1,0.0,0.0
batch2,0.0,0.0
interactive0,198.0,0.0
batch0,0.0,0.0
batch1,0.0,0.0
batch2,0.0,0.0
interactive0,200.0,0.0
batch0,0.0,0.0
batch1,0.0,0.0
batch2,0.0,0.0
interactive0,200.0,0.0
batch0,0.0,0.0
batch1,0.0,0.0
batch2,0.0,0.0
interactive0,200.0,0.0
batch0,0.0,0.0
batch1,0.0,0.0
batch2,0.0,0.0
interactive0,200.0,0.0
batch0,0.0,0.0
batch1,0.0,0.0
batch2,0.0,0.0
interactive0,200.0,0.0
batch0,0.0,0.0
batch1,0.0,0.0
batch2,0.0,0.0
interactive0,200.0,0.0
batch0,0.0,0.0
batch1,0.0,0.0
batch2,0.0,0.0
interactive0,200.0,0.0
batch0,0.0,0.0
batch1,0.0,0.0
batch2,0.0,0.0
interactive0,191.0,0.0
batch0,0.0,0.0
batch1,0.0,0.0
batch2,0.0,0.0
interactive0,200.0,0.0
batch0,0.0,0.0
batch1,0.0,0.0
batch2,0.0,0.0
interactive0,192.0,0.0
batch0,0.0,0.0
batch1,0.0,0.0
batch2,0.0,0.0
interactive0,200.0,0.0
batch0,0.0,0.0
batch1,0.0,0.0
batch2,0.0,0.0
interactive0,200.0,0.0
batch0,0.0,0.0
batch1,0.0,0.0
batch2,0.0,0.0
interactive0,160.0,0.0
batch0,0.0,0.0
batch1,0.0,0.0
batch2,0.0,0.0
interactive0,108.0,0.0
batch0,0.0,0.0
batch1,0.0,0.0
batch2,0.0,0.0
interactive0,47.0,0.0
batch0,0.0,0.0
batch1,0.0,0.0
batch2,0.0,0.0
interactive0,40.0,0.0
batch0,0.0,0.0
batch1,0.0,0.0
batch2,0.0,0.0
